username,rating,content,ip_address,time
桜桜桜桜桜桜,4.7,带妈妈也算亲子游吧😂 客观的说，我很喜欢这里，有100多种兰花，不是哪里都可以看到这么多品种，真的很漂亮。这里除了有兰花，还有很多叫不上名字的花卉和植物，猪笼草我认识它，小的也就小拇指那么小，大的和我手掌一般大，这个家伙很可爱，夏天太适合家里养一盆。白天室外走路多还是有点吃不消，冷室里面我可以和妈妈一呆就是一两个小时。里面还有很多微景观，值得学习。,上海,07/12/2023
匿名用户,4.0,胡姬花园作为世界遗产值得打卡，尤其是朋友在公园里脚上磨出了一个水泡，前台非常热情地拿出了创口贴，等给朋友包扎,江苏,17/02/2024
匿名用户,5.0,出票很快，绝对值得一去，里面很大，新加坡国花，很多品种，植物爱好者的天堂，门口的纪念品和书籍都想买回家，可惜太重带不走,广东,07/10/2023
M27****9930,5.0,非常美丽的地方，值得一去。我个人感觉比滨海湾花园好。特别是胡姬花馆，很多品种独特的蝴蝶兰，给爱花的人大大的惊喜。,江苏,12/08/2023
匿名用户,5.0,比现场买票便宜，里面各种兰科植物都有，还有一个温室。胡姬花都非常漂亮,中国台湾,07/12/2023
匿名用户,5.0,兰花品种非常多，非常漂亮,北京,14/02/2024
M26****8537,5.0,属于植物园里被圈起来的一小块区域，种满了一盆盆大大小小颜色各异的兰花，虽然都挺美的，但外行人也不太懂品种，走马观花没看出更多门道来，只觉得好热，最后草草兜了一圈就出去了。这个园区现场有很多上了年纪的韩国老人排队迎着兰花拍照片，个人其实觉得出片效果和世纪公园里的没什么两样。反倒是植物园随处可见的或高耸、或宽大，或簇拥的树木树丛更让人心旷神怡，既驱散暑气又有浓浓的热带风情。如果不是特别钟爱兰花的人，其实可以不用特意买张门票进来。,上海,30/09/2023
202****268,5.0,超级棒的小型树林，树种丰富多样，喜欢这个的，值得好好逛逛，强烈推荐。兰花园就像看花展，挺美。,中国香港,03/10/2023
_m13****8976,5.0,喜欢尤其是胡姬花馆，做的太用心，值得一去，他们细节做的还是比较到位的,北京,31/07/2023
嘟爸爸1013,5.0,新加坡植物园有150多年历史，是热带岛国的缩影和代表。2014年被列入《世界遗产名录》，也是全世界首个得到这份殊荣的热带园林。这里无论是兰花，植物，还是人文，环境都让人流连忘返，随处的美景都会让人陶醉……,N/A,19/01/2017
张克平,5.0,走进这个热带植物园，顿感绿意盎然，鸟语花香，令人心情舒畅。开得尤其灿烂的是胡姬花，并且专门有个胡姬花园，里面的品种十分丰富。 新加坡植物园占地54公顷，以研究和收集热带植物、园艺花卉而著称。园内有20000多种亚热带、热带的奇异花卉和珍贵的树木，可分为热带、亚热带常绿乔木、灌木、蔓藤、棕榈、竹类园艺花卉、水生植物、沼生植物、寄生植物和沙漠植物等；还有天然原始森林和热带花园，其中，国家胡姬花园最清新迷人。专业花圃，里面种植了鸡蛋花、玫瑰、蕨类植物、沙漠植物等，种类繁多的植物中包括了许多濒临灭绝的品种，一些珍稀的植物，是新加坡植物园中最有特色的。值得一提的是新加坡币五元钱后面的那棵大树就是来自新加坡植物园，这棵巨大的树，目睹了新加坡的飞速成长，也是很多新加坡人小时候的乐园，为了纪念它，把它的照片印在新加坡币五元面值的背面。这棵树的名字是巨灰藜木。,N/A,29/10/2016
2016盛夏光年,5.0,去植物园的时候直接打的到南门，好像是南门 具体不大记得了。回来的时候搭地铁 往地图北面走很远才到地铁站。新加坡的有很多的参天大树 动不动就长得很高，就连平常路过虹茂桥 随便马路2旁就是参天大树，所以植物园也不例外 看到参天大树 感觉很壮观 幻想电影侏罗纪公园里面脖子伸得很长的恐龙在我面前吃树叶，哈哈~~不好意思 我是科幻迷~跑题了~~进门的时候在服务台跟工作人员要一张植物园地图-记得要中文版的哦,N/A,04/08/2016
玉之晶莹,4.3,从乌节路做红色地铁1站到纽敦；转蓝色地铁2站到植物园门口下车。植物园公园不收费，胡姬花公园5新币。公园很大，走一圈下来2-3小时，下午3点前很热。新加坡植物园占地54公顷，以研究和收集热带植物、园艺花卉著称。园内有两万多种亚热带、热带奇异花卉和珍贵树木。植物园的植物都标明其学名及原产地。国家胡姬花园有许多兰花和珍奇的中南美洲凤梨科植物。其它的景点还有棕榈谷（PalmValley）、生态湖（Eco-Lake）和交响乐湖畔（SymphonyLake）的露天音乐会。植物园有一个藏书万册的图书馆，有一间植物标本室，收集草本植物标本约有50万种。,N/A,30/12/2015
探索大自然,5.0,Singapore 植物园交通非常方便，有地铁直接到。坐环线有植物园站，直接在这下车就是了，很好找。地铁站里面有标志哪个出口，好找。,新加坡,21/05/2023
lzizs,5.0,植物园免费的，很大，东边一半是以青少年科普教育为主，游客参观的在西半半，除了大片的池塘、各种植物，还能看到在草地上悠闲散步的小动物比如鸽子、山鸡、池塘里的乌龟鱼等等，很多当地青少年在做拓展游戏。园中园胡姬花园绝对值得去，以为不大很快能出来，其实细细转转也得半天至少，里面还有温室、冰室，很多区域展示不同的植物种类。门票五块新加坡元，60以上老人一块。美中不足的是出来时打车不太好打，植物园门口可以等车，但是工作人员说这里不是出租车站，所以车不会特别多要等一阵子，除了门口到马路边可以打到车，但其实我们到了路边一样不是很好打车，很多空车直接开进了隔壁的一家医院里。建议以后去的话还是查好公交车，有很多趟，去市中心很方便。,N/A,29/02/2016
139****8455,5.0,植物都不错，热带植物长得就好，也没有什么养护的痕迹。随处可见走地鸡，走地龟和走地蜥蜴也实在太可爱了。 兰花园非常值得一去，几千种不同的兰花，目不暇接,印度尼西亚,07/03/2023
小白_1912,5.0,"本以为新加坡植物园是绿树成荫的那种，但其实很大一部分是景观园，真的不适合在烈日下行走，尤其是新加坡的大太阳下，十点多钟来到，走半个小时，感觉人就像从水里捞出来一样，直接就想逃离。但新加坡植物园真的很大呀，想从另一个门出去，都走了很久。科普下介绍，下次找个凉爽的天再去。 新加坡植物园(英文:SingaporeBotanicGardens)是新加坡首个联合国教科文组织世界文化遗产。植物园位于克伦尼路，占地74公顷，公园最南端距最北端约2.5公里。新加坡植物园是热带岛屿繁茂的缩影，结合了原始树林和专业花圃，拥有20,000多种亚热带、热带的奇异花卉和珍贵的树木，可分为热带、亚热带常绿乔木、棕榈、竹类园艺花卉、水生植物、沼生植物、寄生植物和沙漠植物等植物，包括了许多濒临灭绝的品种。新加坡植物园分为三个核心区域，由南向北依次为:东陵区、中心区和武吉知马游览区。除了位于中心区的国家兰花园需要购票入内，其余区域均免费开放。东陵区主要由植物学中心和天鹅湖构成，这里也是新加坡植物园初期的办公和试验地，著名的历史博物馆、植物图书馆、标本馆都在此处。中心区西部是国家兰花园，东侧紧邻东陵区的是一片约有6公顷的热带雨林，这片珍贵的原始热带森林比植物园的历史还要久远，生长了超过50[%]的新加坡稀有植物物种，也是世界上少有的位于城市内的热带雨林。中心区内有一处栽植着绿篱的矩形花园，花园里有一个圆形的日冕和喷水池。北面的斜坡上铺植草坪，上面有用不同颜色的观叶植物组成的花钟，新颖别致。棕榈谷和交响乐湖在中心区的中央，邵氏基金交响乐台位于交响乐湖上，植物园在每个周末会不定时的安排免费音乐会供游客欣赏。2008年10月10日，交响乐湖的南边树起了一座肖邦的雕像。武吉知马游览区以自然景观为主，包括了生态花园、生态胡、雅格巴拉斯儿童花园、叶花园和藤架园。生态花园是一片天然林区，面积约4公顷，专门收集东南亚的各种经济植物。",N/A,20/12/2016
magichh,5.0,非常好的园林，很值得一去！ 1.门票免费，无论对居民还是歪果仁，不像有些地方要区分居民和歪果仁之类的，这个必须先说但里面的胡姬花园要收费，不贵，好像是歪果仁几块钱，这可以理解，毕竟胡姬花的养护不容易。 2.不偏远，交通方便，地铁公车都可到达。离乌节路也不远，公车几站，就突然从世外桃源到购物天堂 3.城市中一大片静谧之处，人少，绿树成荫，悠悠草坪。时不时鸟儿飞过，小动物(好像是小鳄鱼哈哈)湖中游走...并非平铺直叙，有些小错落，小回转，但不难走。 4.还有露天草地音乐舞台，有特色的餐厅，免费的植物园小博物馆，讲解人员很热心。 5.胡姬花园内很美，各种各样品种和颜色的国花，眼花缭乱，几块的门票也值得。,N/A,19/05/2019
juki235,5.0,新加坡植物园很大，适合清晨跑步和夜晚散步，这里免费向游客开放，里面有个胡姬园需要收费。这里还有很多的纪念品商店，有卖花茶和用胡姬花做的小饰品，挺有地方特色，但种子不要购买，因为海关查到会被扣住的。,N/A,16/01/2017
william0818,4.3,植物园居然是免费的，这在国内是基本不可能的。环境很好，虽然新加坡挺热，但是这里却不热。参天大树很多，负氧离子含量高，特别适合休闲游玩。胡姬花，也就是兰花是新加坡国花，也是我最喜欢的花卉，单独有一个馆展览，这个是需要收费的，不过我觉得是值的，种类好多，兰花太美丽了，而且很名贵，不好养，还有很多用国家首脑命名的兰花。公共设施也全，而且很干净,N/A,07/12/2016
SallyinHK,2.3,喜欢兰花的可以去 或者家人出游 否则不推荐  全部人工种植 英文解说牌 路标不明显   有个冷气花房还不错 可以进去凉快下  有一个小屏幕和英文讲解在底层  对体力要求大 做好防晒工作,新加坡,27/05/2023
宫主爱,5.0,很喜欢植物园里的一些小雕塑，虽然只是一些日常的设计，但都洋溢着热情的青春活力！在植物园的大草坪中心有棵超大的榕树，孩子们就像猴子似的爬来爬去，并不会有工作人员来制止，也许这就是新加坡人亲近自然的一种方式吧,N/A,19/11/2016
joanne08H2021,5.0,园区大，环境好，适合一家大小过来,新加坡,22/04/2023
_CFT01****5355839,5.0,对于植物园，来过才知道，这里是很是适合放松，接触大自然，散步的好去处，绿色植物郁郁葱葱，当一个人想静静的时候，可以背上一台相机，当一个人想卸下心理包袱的时候，可以携带着相机，来这里走走！或许你走累了，那就找个地方也来张任性的自拍吧！,N/A,17/10/2015
素素77,5.0,新加坡植物园很推荐去打卡，很有热带风情。,N/A,15/02/2022
118****563,3.3,其实新加坡植物园是免费的，这里就是一个国家兰花园，里面转一圈的话大概半个多小时，花的品种还可以，性价比一般。,泰国,09/05/2023
笃悠悠的鱼,5.0,新加坡植物园靠近乌节路，可以从乌节路步行前往，搭公车也很方便就停在公园对面，是赏花踏青认识热带植物的好去处，园内还有一个大湖，湖面上还有天鹅，环境非常清幽，植物园是免费开放的，如果想欣赏新加坡的国花，则可以花五元新币去到里面的国家胡姬花园，满园的兰花争相怒放，美不胜收！,N/A,18/08/2016
wei****ucy,5.0,新加坡植物园是新加坡这个热带岛屿繁茂的缩影。占地52公顷的植物园与市中心相邻，结合了原始树林和专业花圃并种植了鸡蛋花、玫瑰、蕨类植物、沙漠植物等。种类繁多的植物中包括了许多濒临灭绝的品种，这正体现了新加坡植物园的专业性和多样化。交通方便，地铁直达而且免费。,N/A,11/08/2016
菩提彼岸,4.7,植物园在市中心，面积很大，基本没办法全走遍，走了核心位置，然后就入兰花园，这才需要收门票5元。兰花品种很多，基本叫不出名字，但鲜艳无比。白色音乐亭是制高点，孙燕姿曾经在这拍摄过MV，也是很多当地人拍摄婚纱照的地方。,N/A,07/01/2016
M36****7502,5.0,新加坡植物园的特色是热带岛屿植物。拥有20000多种亚热带、热带的奇异花卉和珍贵树木。湖泊、参天大树、叫不上名字的各花卉、天鹅、鸽子、秋千…小朋友很开心。比起游乐场的人山人海，妈妈也很满意。,N/A,07/03/2020
vivienvivien,5.0,紧邻市中心，十分钟车程就能从乌节闹区进入植物园，是新加坡的缩影。以研究和收集热带植物、园艺花卉而著称，有天然原始森林和特色花园。其中国家胡姬园有许多胡姬花和珍奇的中南美洲凤梨科植物。游客可到公园里的高级法国餐厅，在绿荫下享受全城数一数二的法国佳肴。 ,N/A,02/12/2020
M34****3007,0.0,这个花园非常美丽尤其是兰花园，有着不同类型品种的兰花。沿路走过去，香气扑鼻，并且还有喷洒的水池带来阵阵凉意。这个地方很适合散步和小跑，尤其是如果你热爱散步和小跑，你一定会陶醉于这里优美的风景以及随处可见的来自世界各地的树种和花卉。，，,N/A,14/05/2020
M30****1190,0.0,免入场费的植物园的位置很好，游客逛完了乌节路，走过尽头再多走三分钟便到，里面别有洞天，很多各类植物不算，有个天鹅湖能让你烦躁的心沉淀下来，还有一个匠心独运的胡姬花园，几间高雅的小餐馆食物很获好评，中间一个湖，中央还不时有管弦乐队演奏，游人逛累了，随意坐在草坪上免费欣赏，不是很惬意吗？，，,N/A,14/05/2020
M33****8159,0.0,与滨海湾花园一样是植物园，但这个免费的植物园主要是市民休憩场所，有很大的草坪，有供人表演的舞台，有餐厅和漫跑小径等，非常适合散步，另一方面由于有各种微生境，而且面积很大，所以可以观看到很多不同的野生鸟类和松鼠，适合喜欢自然的人。。,N/A,14/05/2020
M33****9956,0.0,"植物园没有在市中心,所以很容易被游客忽略,其实这恰恰是一个非常值得去的景点.里面游客不多,有好多本地人在里面遛狗,跑步等等.植物的多样性在里面也提现的淋漓尽致,尤其是阳光比较晒的时候,这里的舒适度会更好.。。",N/A,14/05/2020
M33****2295,0.0,此次拜访植物园 就是想找个可以跑步的好地方。 但是 Singapore Botanic的每个角落都为我带来了无限惊喜。 你可以找一片属于自己的草地，席地而坐；亦或，找一个属于自己心爱的花园，享受属于自己的空间；，，,N/A,13/05/2020
M35****1779,0.0,穿过一个开阔地带，一大片兰花映入眼帘。这里还有机会看到各种鸟类和其他野生动物。由于新加坡是一个“美食家”的天堂，快快换上一双舒适的鞋子，来一场大街小巷的寻味之旅吧。我们在这里度过了一个完美的午后时光。。。,N/A,13/05/2020
网中的人,5.0,【景色】一个保养的干干净净的天然氧吧，及种类繁多的兰花，再加上各种物种，乌龟，鱼，爬虫，松鼠快乐在植物园成长。 【趣味】休闲漫步在园区，与其他物种一起享受清新的空气。 【性价比】免费观赏，VIP兰花园需要门票。,N/A,27/03/2020
超级ctt,4.3,"环境真的很不错，大片的草地，与各种植物相映成趣。重点看了兰花馆，单独收费，工作人员非常热情，兰花品种很多，静心做了摆放设计。很适合带孩子来，有专为孩子设计的花园，吃饭很方便。占地很大, 不需要门票, 散步的走道都规画得很好, 不过好像没甚么植物的介绍?虽然叫做植物园, 比较像大型的公园, 来这里就是放松, 放眼望去绿油油, 有湖, 有鸟, 有鸡, 还有大型蜥蜴在公园里悠游",N/A,27/02/2020
M33****2987,0.0,新加坡植物园维护得很好，园内非常漂亮，身处这里会让你忘记自己是在新加坡这样一座大都市。千万不要错过园内的国家兰花中心，在我看来它就是一颗宝石。新加坡植物园很棒，是我在新加坡去过最好的地方之一。，，,N/A,14/05/2020
M33****9173,0.0,。园里有60000万多株胡姬花和植物品种，无论你想放松心情，享受户外时间或认识植物，这是一个不容错过的好地方。 小孩子还可以在边上的雅格巴拉斯儿童乐园玩水，遇上周末还有文艺演出，值得推荐。，。,N/A,13/05/2020
M31****5916,0.0,市中心外的一个花园，有足够的空间与朋友们一起度过愉快和有趣的时光。兰花花园区一年中任何时候去参观都是一件令人高兴的事（我从来没有错过它！！）与“海湾花园”相比，这里是一个安静的地方。，，,N/A,14/05/2020
M33****3005,0.0,里面有很多野生鸟类栖息。看到了珍贵的红腿斑秧鸡。红原鸡就带着它们的孩子在草坪上觅食。圆鼻巨蜥也随处可见，令人悲伤的地方在于，有很多人把巴西龟放到植物园里的池塘中，危害了当地土生动物。，，,N/A,14/05/2020
micheal王,4.0,更适合带孩子来，虽然是植物园但是野生的动物也不少。但是比动物园更安静舒适。刚好看到一条小蛇脱皮，被我全程记录了，好对不住它哟！,N/A,14/02/2017
杨昊鑫,5.0,新加坡植物园于2015年7月成为新加坡首个世界文化遗产地。新加坡植物园规模很大，历史悠久，是一个定义明确的人文景观，自从其1859年建立以来发展了丰富多样的景观、种植和建筑特色，并且保存完好。新加坡植物园最初作为英国的热带植物园而建立，160年来，它在科学进步和知识探索方面发挥了重要的作用，尤其是在热带橡胶的种植领域和胡姬花的研究方面，走在了世界的前面。,N/A,15/08/2020
M33****2948,0.0,这里有美丽的湖泊环境，奇妙的植被，包括稀有植物和兰花，锦鲤，爬行动物和更多有趣的生物!我们在那里待了几个小时，真是非常值得一游。入场费全免，去兰花区只需要多花5新元，非常棒。。。,N/A,14/05/2020
M33****6515,0.0,能在市中心有这么大一座植物园，而且完全免费开放，并且游客很少，这大概就是新加坡人最骄傲的地方了，在享受现代化的同事，能把环境做的这么好。实在难得。园里还有付费参观的兰花馆。，，，,N/A,13/05/2020
M33****4460,0.0,已有一百多年历史的植物公园里头有很多我说不出名字老树 这里也是当年英国殖民地时引进了第一批橡胶树种植在公园里头 当然在这必看的是 新加坡国家兰花园 喜欢花卉喜欢兰花的游客千万不要错过，，,N/A,13/05/2020
flame0512,5.0,这个植物园是免费的，里面的植物品种很多，与滨海湾花园的植物还是有区别的，有些植物在国内看不到的；该植物园的面积很大，小朋友走了一段路就觉得很累，还看见有外国人在举办一些户外活动。,N/A,14/02/2018
M33****1136,0.0,挺大的，从地铁站过来需要走二十分钟才能到兰花园。路上偶尔能够看到巨大的蜥蜴慢慢爬过。符合新加坡一贯精巧细致的风格。但要说到植物种类，中科院西双版纳热带植物园可能会更胜一筹。。。,N/A,13/05/2020
M37****6833,0.0,新加坡植物园🌳，很有设计感的城市中心适合漫步，思考🤔清晨5点开门。 植物园入园门口有存包柜🛅，1新币的硬币就可以把行李或背包寄存，轻装简行在植物园里感受自然安静之美。，，,N/A,13/05/2020
M35****5583,0.0,新加坡植物园是名副其实的联合国教科文组织遗产，提供了一系列惊人的植物，走道，不寻常的濒危物种。别忘了多付点钱去参观兰花花园，还有要睁大眼睛，留意那些在落叶中觅食的&quot;龙&quot;。，，,N/A,13/05/2020
chris_黄,5.0,好大好美，好多，好多热带植物，这个是什么，没见过。去到这里你一定会发出这些感叹。新加坡不愧花园城市国家，不管是外围建筑，马路，还是植物园，绿化做的真的很好，而且很干净。,N/A,10/04/2017
蓝色星球的行者,4.3,这个就是号称亚洲最大的植物园新加坡植物园，坐落在新加坡最繁华地段的尽头，现在也通了地铁，其中一个站名就是植物园站，不会错过。其中最著名的是胡姬花园，那是新加坡的国花，有空是值得去看看的。,N/A,05/05/2017
M34****0734,0.0,"Botanic Garden是我在新加坡最喜欢的地方,里面可以观赏得到各种热带国家的植物,还有很多野生小松鼠到处跑呢! 还有南瓜车造型的秋千，带小朋友去会非常开心！，，",N/A,14/05/2020
M51****565,0.0,我没有时间参观所有的地方，但我真的很喜欢我所看到的。你可以去那里只是为了欣赏风景，平静下来，呼吸新鲜空气。这里有很多不错的地方可以休息和聊天，不用担心任何事情。。。,N/A,14/05/2020
M33****9626,0.0,新加坡植物园很大，适合清晨跑步和夜晚散步，这里免费向游客开放，里面有个胡姬园需要收费。这里还有很多的纪念品商店，有卖花茶和用胡姬花做的小饰品，挺有地方特色。。。,N/A,14/05/2020
M33****3611,0.0,"有不同国家主题的植物园 没想过新加坡会有这么大的一片绿化地带,而且是免费进场! 每一个部分都有不同的主题, 相当有特色, 但是游客不多, 我们更可以舒适地游览和拍照!，，",N/A,13/05/2020
M35****5282,5.0,这个花园非常美丽尤其是兰花园，有着不同类型品种的兰花。沿路走过去，香气扑鼻，并且还有喷洒的水池带来阵阵凉意。这个地方很适合散步和小跑，尤其是如果你热爱散步和小跑，你一定会陶醉于这里优美的风景以及随处可见的来自世界各地的树种和花卉。,N/A,09/10/2019
远行-遇见你,5.0,新加坡植物园的面积着实不小；熟悉了国内人山人海，到哪里都是人酱的氛围，也对这里相对稀少的行人感到不是很适应。新加坡首个联合国教科文组织世界文化遗产，门票免费。门口像施工现场开的小门一样不显眼，进去却别有洞天。从最北边到最南边的距离就有2.5公里，以至于我最后都没有逛完全这座植物园，只到了大部分园区，也花费了近3个小时！！,N/A,21/09/2017
QinMAndy,4.7,新加坡植物园是新加坡首个联合国教科文组织世界文化遗产。植物园位于克伦尼路，占地74公顷，公园最南端距最北端约2.5公里。 新加坡植物园是热带岛屿繁茂的缩影，结合了原始树林和专业花圃，拥有20000多种亚热带、热带的奇异花卉和珍贵树木，可分为热带、亚热带常绿乔木、棕榈、竹类园艺花卉、水生植物、沼生植物、寄生植物和沙漠植物等植物，包括了许多濒临灭绝的品种。   关键是这么漂亮、拥有众多植物品种的植物园是免费的，在整个园里还有服务中心，有饮料，餐饮等，逛累了可以坐下休息喝杯饮料，甚至可以在里面吃午饭。,N/A,12/07/2017
MiniCici,5.0,"从植物园入门开始,没有车辆接驳至胡姬花园,无论走多远,无论问任何一个人,都说再走十分钟就到了,  可我得负责地说,像我这样的,足足步行了将近二十五分钟,  花园很美,什么胡姬花,不就是兰花吗?大爱!我的大爱啊!",N/A,06/07/2017
135****5248,5.0,"地铁直达门口,偌大一个热带植物园免费,只是里面有一个新加坡国花蝴蝶兰园收费5坡币.很值得看,有上万株蝴蝶兰展出,五彩缤纷,姹紫嫣红,太美了.在植物园里,看到小动物们悠闲的生活,很羡慕.看到这些高耸入云的大树很震惊.如果时间充裕的话,值得去看看.",N/A,07/03/2017
优悠奶爸,5.0,抽出一天时间去了植物园。打车到了TanglinGate，因为这个门离胡姬花园比较近。但这个门不通地铁。植物园真的不错，很多热带植物，大草坪，能慢慢逛一天。就是天太热。胡姬花园也很不错，喜欢植物的朋友可以去看看。,N/A,09/02/2017
300****511,5.0,非常棒。入园免费，一个大门直通地铁。春节去花最多的就是兰花园，兰花品种繁多，单独收费也值得。门票很便宜。老人和小孩半价。热带植物园有很多奇花异草。本地人游玩居多,N/A,22/02/2016
M35****3126,0.0,胡姫园是最有名的 其他还有：种子银行、交响乐湖（王莲）、香草园、草药园、雨林等等等等 温馨提示⚠️：完全逛完这个植物园要6小时，加上天气炎热，容易中暑🥵，请适当休息、做好防护。 图为交响乐湖的王莲，，，,N/A,12/05/2020
M33****8363,0.0,风景非常优美的地方很适合拍照适合去晨跑遛狗或者野餐，如果是对植物感兴趣的人就更应该去看一看，里面有一个胡姬花园是要付费的，里面的胡姬花争奇斗艳品种很多。。。,N/A,13/05/2020
M34****4067,0.0,我和老公坐地铁环线去植物园，上了电梯，公园的入口就在那儿。我喜欢人们在这里练太极，健美操，跑步和散步。那真是非常棒的几个小时。花园是免费的，不能错过。，，,N/A,14/05/2020
M39****402,5.0,环境超美 虽然好多植物叫不出名字 一进门就有淡淡的树木青草的香味 慢慢逛 慢慢走很放松 离乌节路打车只用5新币 适合晨起去遛弯儿 然后可以再到乌节路吃饭 shopping,N/A,04/07/2016
Dianapp,5.0,这是当地人非常喜欢的地方，周一的早上都有好多人来这里，里面有个兰花园，各式各样的兰花应有尽有，稀有品种数不胜数，还有热带雨林步道，各种品种的植物感觉都要大三号，很适合休闲游,N/A,19/02/2018
M33****3691,0.0,花园本身就很棒，而且门票是免费的，只需少许的费用就可以进入兰花收藏室，这真是太棒了。对于园艺爱好者和非园艺爱好者来说，这是一个非常有趣的地方。，。。,N/A,14/05/2020
M35****9348,0.0,不愧是新加坡唯一的世界文化遗产 公园很大，保留和设计的都很好，适合家庭出游，有一段保存完整的热带雨林，很安静。也有不少儿童设施，对小朋友很友好。，。,N/A,12/05/2020
M33****6152,0.0,植物园的入口就在MRT的出口，十分方便。园内十分大，而且路也很多，大多数的市民会放狗，跟步，坐在草地上休息。至于植物，不觉得有什么特别之处。，，,N/A,13/05/2020
M35****5282,0.0,环境真的很不错，大片的草地，与各种植物相映成趣。重点看了兰花馆，单独收费，工作人员非常热情，兰花品种很多，静心做了摆放设计。很适合带孩子来，，，,N/A,12/05/2020
M34****4580,0.0,大自然花园很适合步行或慢跑游览，也很适合野餐，全天都是免费的。这里有品类丰富的本土和非本土植物和花卉供人们观赏。绝对是新加坡旅游的好地方。，，,N/A,13/05/2020
吃萝卜的鱼儿,5.0,植物园非常大，里面好看的景色也非常多，很多地方都很适合拍照，而且拍出来也非常好看，好好欣赏的话感觉可以在里面待一天。景色很美，在这里极其享受。,N/A,07/03/2020
M36****3734,5.0,紧邻市中心，只要十分钟车程就能从乌节闹区进入植物园，场景瞬间由繁华地段转为原始森林和热带花丛。感觉清新整洁。像在画中慢步，步入仙境般美丽。,N/A,07/03/2020
M30****2777,5.0,特别好的公园，有两万多种亚热带和热带珍奇花卉植物，还有很多林茎小道，是个享受悠闲生活的好去处。新加坡植物园，这也是个很神奇的地方，大门做的非常的小，里面却大到让人惊叹。,N/A,08/03/2020
152****2462,4.3,中间会有一个大草坪，很棒！还能看到天鹅！在进门不远处，会有一个胡姬花园，当时从携程上购买，立即出票，很方便。里面的兰花很好看！景色很棒，环境很好！,N/A,13/05/2017
M30****3276,5.0,有一片秋千区，设计的非常好，不用别人推，自己用脚去踩下面的板。省力又好玩儿，一是景观设计很棒，二是生态环境非常好，三是又发现了新加坡为什么被称为“花园城市”的原因。,N/A,08/03/2020
M19****417,0.0,绿植 这里很适合做有氧运动，尤其是晚上很凉快可避避暑了； 这里其中约八成的植物物种在新加坡都属稀有，千奇百变；值得前来游玩。。,N/A,13/05/2020
M30****6151,5.0,植物园很漂亮各种植物各种小动物。但是！真的要被热死了！树荫和亭子里都不凉快。很喜欢新加坡植物园，里面有很大只不怕人的蜥蜴、不知名的鸟、鸽子，还有公鸡，对就是公鸡。,N/A,08/03/2020
M30****5232,5.0,新加坡植物园，2015年7月4日被联合国教科文组织收入世界遗产名录，很大，新加坡植物园不要门票，而且，里面的所有标识都是英文无中文，说明这里国人很少来，我来对了！,N/A,07/03/2020
木偶奇遇ce,4.0,这个植物园不一般，还被评为世界文化遗产，这里不收门票，景色优美，各种林荫小道，看到很多不时出现在你附近，占地面积很大，有人工湖，还有博物馆，里面种植了很多珍贵的植物，园区标识清晰，有很多标志性的建筑，休息的地方很多，可以自带食物在草地上野餐，空气很好，国内这样的地方很少。,N/A,29/03/2020
M33****9173,5.0,非常适合吃的很饱后去走一走，到访日是周日，虽然是假日，但是不算非常拥挤，有些可以走地方甚至因为树木植物茂密，算是非常阴凉，不会太热，到处都有松鼠，类似日本斗鸡的鸡群门路上走来走去，让人很放松舒服的地方,N/A,09/10/2019
yi****214,5.0,与滨海湾花园一样是植物园，但这个免费的植物园主要是市民休憩场所，有很大的草坪，有供人表演的舞台，有餐厅和漫跑小径等，非常适合散步，另一方面由于有各种微生境，而且面积很大，所以可以观看到很多不同的野生鸟类和松鼠,N/A,14/09/2019
M33****2987,5.0,风景非常优美的地方很适合拍照适合去晨跑遛狗或者野餐，如果是对植物感兴趣的人就更应该去看一看，里面有一个胡姬花园是要付费的，里面的胡姬花争奇斗艳品种很多。还有一个天鹅湖，很多人会拿面包去喟它们很有意思。植物园地处闹市，公交车和地铁都可以直达。,N/A,13/09/2019
M33****9626,5.0,新加坡植物园位于乌节路边上，附近有地铁站，也有公交车站，交通很方便。这是一个让你从花卉，从植物角度去认识新加坡的好地方。。。园里有60000万多株胡姬花和植物品种，无论你想放松心情，享受户外时间或认识植物，这是一个不容错过的好地方。,N/A,13/09/2019
M33****9173,5.0,穿过一个开阔地带，一大片兰花映入眼帘。这里还有机会看到各种鸟类和其他野生动物。由于新加坡是一个“美食家”的天堂，快快换上一双舒适的鞋子，来一场大街小巷的寻味之旅吧。我们在这里度过了一个完美的午后时光。,N/A,12/09/2019
挪威森林北辰星,5.0,这里是免费的景点，也是新加坡年轻人周末休闲的好地方，晚上会办音乐会，我在这里逛了很久，很大，听当地华人讲述，很多人祖辈从大陆漂洋过海来到南洋，这里就是落脚点，以前还不是植物园的时候，很多华人住在这里，涨了见识！,N/A,05/09/2019
健康美丽的芳芳,5.0,新加坡植物园，对于我这样平时就十分喜欢花花草草的人来说，可以说太有吸引力了，所以我们特地花了整整半天的时间在里面好好的参观了一回。首先这里的花草品种确实非常多，而且看得出是被精心打理过的，都非常的精神！其次整个植物园非常的干净，不会有一进热门旅游景区，就到处是垃圾这样的感觉。所以整体玩的非常开心。,N/A,17/07/2019
yysweet,5.0,很大很赞的植物园！草地绿绿的，也没有特别围起来不让人进去，植物都被修剪得整整齐齐！花儿争相绽放，各种蝴蝶兰让人眼花缭乱，真的是美不胜收！别看新加坡国土面积不大，植物园能规划那么大真是不容易啊！太赞了！,N/A,14/01/2019
善了哉的,5.0,新加坡是一个地处热带的岛屿国家，丰富的自然植物资源在新加坡随处可见，新加坡植物园是热带岛屿繁茂的缩影，结合了原始树林和专业花圃，拥有20000多种亚热带、热带的奇异花卉和珍贵树木，即使一个公园也是一个植物博物馆，追溯起来已经有100多年的历史。最为重要的是，免费！从市区乘坐轻轨可以直接抵达，姜园、进化园兰花园、热带雨林等等都是特色，还是可以欣赏到新加坡著名的胡姬花，逛上两三天不成问题！,N/A,16/11/2018
橘果妈,5.0,早晨到酒店旁边的新加坡植物园跑步 这里有三个相连的公园，如果全走一圈要2个多小时。门口还意外看到了摩拜！高福利不是体现在发多少补贴救济、分几套房子、拆迁补尝是否很高，仍然是能让老百姓安居乐业，各种阶层都能通过努力工作拿到合理的薪水，过有尊严的生活。,N/A,21/09/2018
Shuying,4.0,在新加坡出差期间，趁着周末无事游览了这个植物园。说来比较尴尬啊，游览这个植物园才知道，原来胡姬花就是兰花啊。 说这个植物园是非遗还真是有点不理解，个人感觉就是个城市中心绿地。不过其中的兰花园确实不错，喜欢植物的可以去看看，各种兰花。,N/A,16/10/2017
M30****4954,5.0,进去以后，左手边有地图册和导览图，也有工作人员。我们按照地图的主路，也就是沿着一进门正对这条大路开始。前半程路两边都是大树，人也很少，走着比较凉快，在每类树旁边都有简介牌，可以了解树的种类、名称等。,N/A,23/09/2019
M36****5512,5.0,新加坡 植物园已经160年历史了，被列入了世界文化遗产。每周六会有志愿者带领大家游览植物园。一片勒杜鹃，倒是认识，只是几种不同颜色的花开在一起，看着特别鲜艳。,N/A,07/03/2020
maychen,5.0,来到植物园，是为了寻找5元钞票背面的那棵大树，大树有一根长长的枝干，贴着地面伸出老远，熊孩子们像猴子似的抓着树干荡来荡去的。植物园里有个兰园，相当值得一看,N/A,25/01/2016
M37****6183,5.0,新加坡植物园不用门票，是个幽静的好地方。但是，请不要像我们一样，大中午去，热到不想存在。我们走到半山的一个游客服务中心，就坐在那里不想出来了。非常不错！,N/A,08/03/2020
M30****2697,5.0,植物园中心的天鹅湖里有很多可pia的大鲶鱼，啊呜啊呜等着投喂。这里的人和动物和谐相处，野鸡、天鹅、乌龟、小鸟自由的溜达、晒太阳，没有相互追赶、相互伤害。,N/A,07/03/2020
一抹秋日暖阳CC,5.0,新加坡植物园乘地铁蓝线在Botanic Garden站下车Ａ出口就是植物园大门。植物园人少景美非常值得一游哦！里面的胡姬花园5新/人，有2000多种兰花！,N/A,13/10/2017
M36****1863,5.0,最深刻的印象是植物园里的动物好多，可能因为我生活的城市见不到这么多热带动植物，公园自然环境很好，看到了很多小动物，还有天鹅，还有野鸡，松鼠，还有蜥蜴。,N/A,07/03/2020
M33****3611,5.0,新加坡植物园是名副其实的联合国教科文组织遗产，提供了一系列惊人的植物，走道，不寻常的濒危物种。别忘了多付点钱去参观兰花花园，还有要睁大眼睛，留意那些在落叶中觅食的&amp;quot;龙&amp;quot;。,N/A,12/09/2019
320****987,5.0,整个植物园都非常漂亮，主要园区免费入场，唯一需要票的地方是郁金香展。有很多地方可以休息、吃点东西，而且设有喷泉饮水器。一定得穿上舒适的鞋，因为植物园挺大的，而且得走很多路，但是景色非常美丽。,N/A,22/04/2019
新加坡台北,5.0,真正的室外桃源，风景如画。来到这里可以放松心情，是周末休息的好去处!这里同时这里也是野生动物的天堂，原鸡在这里悠然自得的走来走去，松鼠在撒欢，天鹅优雅高贵，最难的的是看到了传说中的大嘴鸟。,N/A,13/11/2019
M30****1190,5.0,园区幅员广大，亭台水池咖啡步道景色优美，新加坡大学法学院位于其间。植株数量品种众多，规划有各式植物区，如热带雨林、香花植物、植物族志等，另有需购票入场美不胜收的兰花园。如果去新加坡，大推！,N/A,22/04/2019
M37****9426,5.0,新加坡 植物园很大，是 新加坡 首个联合国教科文组织世界文化遗产，拥有20000多种亚热带、热带的奇异花卉和珍贵树木，里面是免费向公众开放的。非常美丽！,N/A,07/03/2020
juki235,5.0,新加坡植物园是新加坡的世界文化遗产，非常的大。这里有2万多种热带，亚热带的奇异花草和珍贵树木。这里最有名的就是胡姬兰，以及新加坡的国花卓锦万代兰。,N/A,04/11/2016
M36****6943,5.0,进入植物园就好像进入了一个巨大的热带雨林，周边小路延伸到各个主题的小花园。兰花园大人收费，园内生态保护得很好，随处有鸟，蜥蜴，松鼠，并且不怕人。,N/A,07/03/2020
litua,5.0,非常不错的一个植物园，是免费开放的。里面邮很多热带植物，还有大草坪，很多当地的人在这里休闲散步。在这里逛逛走走，感受绿意，非常不错，所以推荐来。,N/A,26/02/2017
mediya,5.0,新加坡植物园是当地人和游客都会到来的地方，风景雅致，是休闲观赏的好去处。去的那天有兰花展，看到了很多得奖的兰花。在那里坐在草坪上，或者牵着狗狗随意走走都是舒畅的。,N/A,04/05/2018
veradan,4.7,地铁来植物园，一个大公园，标注了植物的信息。有几个湖，还有雨林区域。  其中兰花馆是收费的，成人5新币一位，小朋友免费。见到了我人生中最多的蝴蝶兰……  儿童花园面积不小，分成各个区域。玩水区域面积不如滨海公园的大，水玩具也没那么多。  新加坡真是儿童天堂呀！没有寒冷的冬天，到处都是儿童乐园。  我家小朋友不想去动物园，然后来植物园看动物（松鼠，蜥蜴）,N/A,19/02/2018
E11****02,5.0,新加坡的植物面积太大了！如果把整个植物园转遍，得需要一天的时间！植物繁多，花卉特美！胡姬花园太美了，五彩缤纷的胡姬花会给游人美的视觉享受！,N/A,14/08/2017
shan****iao,4.0,植物园离乌节路不远，里面环境不错，有好多当地人在跑步的。大门票不收，要去里面的胡姬花园，成人收费5新币，12岁孩子免费。胡姬花园里有各种品种的兰花，走走看看拍拍照，还是很休闲的。,N/A,28/02/2016
M30****3226,5.0,非常非常大的公园，免费，里面的胡姬花公园要收门票。胡姬园要门票，值得一去，还有一个儿童园，是免费的，但必须带小孩才能进去，无比想念儿子。,N/A,07/03/2020
M30****2342,5.0,如果时间不充裕我觉得不需要特意来，因为在新加坡处处都像是植物园，是周末散步的好地方。作为 新加坡 的世界文化遗产，植物园的规模自然是很大。,N/A,08/03/2020
M30****4954,5.0,对于植物园，那座白色的亭子是精典所在，在地图所示的13区域，沿途可以选择经过热带雨林区域，松鼠什么的，到处乱跑。景色很美，值得一看！,N/A,07/03/2020
M33****3005,5.0,挺大的，从地铁站过来需要走二十分钟才能到兰花园。路上偶尔能够看到巨大的蜥蜴慢慢爬过。符合新加坡一贯精巧细致的风格。但要说到植物种类，中科院西双版纳热带植物园可能会更胜一筹。,N/A,13/09/2019
M33****9956,5.0,能在市中心有这么大一座植物园，而且完全免费开放，并且游客很少，这大概就是新加坡人最骄傲的地方了，在享受现代化的同事，能把环境做的这么好。实在难得。园里还有付费参观的兰花馆。,N/A,13/09/2019
escarsaki,4.7,世遺植物園，而且在市中心，不需要門票，強烈建議可以去參觀一下。裡面有很多叫不出名字的植物，有個亭子還是拍婚紗照的網紅地，我去的時候就看到人家在拍孕婦照。走累了還可以蕩鞦韆。,N/A,15/01/2019
M37****5446,5.0,因为园区很大，因此找路也不是特别方便，又有很多小路。还有一个儿童园，是免费的，但必须带小孩才能进去，无比想念儿子。非常美丽的地方。,N/A,07/03/2020
M37****5265,5.0,植物园很大，绿树成荫，湖水碧绿，无边的草地让人身心都得到放松，是新加坡带娃溜狗的好地方。植物园风景很好，布局合理，很多的植物种类。,N/A,07/03/2020
M30****2342,5.0,植物园是不需要门票，除了里面的兰花园要5新币，我觉得植物园比滨海湾花园好看。 植物园超大的，真的要走的可以走一天吧，路上有好多人在植物园里跑步，新加坡的天气，我也是服气的！,N/A,23/09/2019
M36****0249,5.0,能在大城市里碰到这样的一块原始森林真的是非常难得了。拥有20000多种亚热带、热带的奇异花卉和珍贵树木，里面是免费向公众开放的。,N/A,07/03/2020
231****152,5.0,植物园没有旅行团，安静舒适，空气清新，环境优美，值得有空去走走。MRT植物园站出来就是，去的那天是周日，偶遇了一次露天免费音乐会,N/A,06/04/2017
M29****5648,5.0,真的超美的，虽然免费 ，非常值得一去 ，早上太多人了 ，跑步的 ，健身的 遛狗的 ，做瑜伽的 ，生态环境太美 ，太美太美了 ，好喜欢，非常美丽！,N/A,08/03/2020
M36****5748,5.0,位于市区，植被茂盛又环境雅致的天然氧吧！但游客密度却不高，又是免费对外开放，有时间的话，应该在此逗留休憩，偷闲半日。非常美丽。,N/A,07/03/2020
M36****3725,5.0,植物园的雕花大铁门很好看，多适合拍照啊是不是。植物园除了是游客必来的景点，也是新加坡人民日常休闲生活开展的主要舞台，值得一去！,N/A,07/03/2020
M30****5864,5.0,有时间的话，应该在此逗留休憩，偷闲半日。进入植物园就好像进入了一个巨大的热带雨林，周边小路延伸到各个主题的小花园。非常美丽。,N/A,08/03/2020
M37****8764,5.0,英式园林景观公园，新加坡植物园在新加坡独立初期的多项“绿化新加坡”运动和“花园城市运动”过程中，发挥了重要的作用。非常美丽。,N/A,07/03/2020
M33****3691,5.0,你可以找一片属于自己的草地，席地而坐；亦或，找一个属于自己心爱的花园，享受属于自己的空间；还有充满凉意空调的展厅，咀嚼保护大自然的初衷和一片土地的历史。现在和未来。,N/A,13/09/2019
M515shunyi1618,5.0,这里的植物种类非常的丰富，让人大开眼界。,N/A,04/12/2021
路桥人生,5.0,热带雨林，人间天堂！百花争艳，无与伦比！,N/A,05/08/2021
一步之遥yn,4.7,我们是通过携程提前购买的门票，价格比直接在门口购买会便宜些。由于新加坡常年温度都在28-32度之间，所以白天在室外游玩其实挺热的，所以我们选择了植物园，植物园的温度和湿度都很舒服，景色也相当不错，绝对适合游玩儿。里面植物的种类非常多，并且分布的很合理，特别有美感。,N/A,08/11/2018
Precious,5.0,大爱植物园，这么美的景色居然还是免费的，好羡慕住附近的居民啊！除了游客，路上也碰到很多来锻炼的人。我是坐地铁到的，直接有“植物园”这个站，地铁口出来就是植物园的门，交通很方便。虽然夏天有些热，但是一进园，身心都舒畅，各种花、草坪、湖还有各种主题花园以及收费的胡姬花园。这次时间有限我只逛了半天，遗憾没有将整个园逛完，期待下次新加坡之旅再来逛啦。,N/A,05/08/2018
Cinderella Princess,4.0,新加坡本来就是全世界绿化最好的国家，而在这美丽的国家里最美的就是新加坡植物园了，植物园空气环境特别好，置身于绿色的海洋之中，呼吸都是那么清新甜美，这里还有著名的新加坡国家胡姬花园，可以欣赏到几百种兰花争奇斗艳的美景。,N/A,05/02/2018
yearcc,4.0,被称之为新加坡花园城市的新加坡植物园，今天有幸去逛了一圈，公园免费开放，又很小一片花海是要收门票的，也就不进去了外围的植物园植物种类也很多，热带植物很多，新加坡的国华胡姬花颜色鲜艳，当地百姓带着娃的也有和老人一起逛植物园的很多，今天的太阳不是很大，有时会时不时的下会毛毛雨也不错，雨中漫步在新加坡植物园，深深的呼吸清新的大自然空气很舒服惬意，公园里开满鲜花，看着金发黑发的娃娃奔跑嬉戏为公园添了很多温馨，新加坡植物园地理位置也很好，交通方便地铁下来就是植物园大门，方便自由行的游客前去游玩。,N/A,07/01/2018
风清月明11,0.0,由于时间问题，我们只游览了三分之一吧，不过最好看的胡姬花园好好游览了一遍，中午还在植物园里的餐厅吃了一顿，据服务员（上海来的小姑娘）介绍，这个餐厅在新加坡还是挺出名的，也，好有口福啊。 环境确实不错 色、香、味俱全,N/A,06/04/2016
Neva,0.0,但是植物园真的太大，本来直奔着国家胡姬花园，但一路上被各种神奇的热带植物所吸引，在加上本来路途就极为遥远，又因为好奇走进一片热带雨林园区，虽然看到了所谓的地球之肺，但在里面花了很长时间才走出来。无奈，等我们到了胡姬花园门口，却已经没有时间细细欣赏。因为要门票，也不舍进去胡乱看两眼了事，就这样与我们的重头戏擦肩而过。所以在这里提醒去植物园的小伙伴，人家这个世界遗产不是浪得虚名，单单凭借在新加坡小小的弹丸之地腾出这么一大片地方来保护研究植物的诚心就足以见得，所以，来这里一定要预留充分的时间。 好在回去的路上遇见了一只小腿粗的蜥蜴，这种体形的野生蜥蜴我还是头一次见，煞是可爱，让我终于高兴了起来。,N/A,26/02/2016
爱旅行,4.3,面积很大，也很有意思。有很多美丽的植物，菊花和多肉植物都叹为观止，养眼，也有趣。,N/A,07/01/2016
M33****8363,5.0,新加坡植物园，很有设计感的城市中心适合漫步，思考清晨5点开门。 植物园入园门口有存包柜，1新币的硬币就可以把行李或背包寄存，轻装简行在植物园里感受自然安静之美。,N/A,12/09/2019
M51****565,5.0,每次来这里，我都会在旅行结束后花点时间放松一下，享受大自然的恩赐。花园干净整洁，提供了各种各样的空间，这一次，我看到了天鹅湖里的水獭，还有在那里游泳的大蜥蜴。,N/A,22/04/2019
M33****4460,5.0,可耗上一个下午，如果累了里面也设有餐厅，很方便，入园免费，除了园内几个小区看花的要额外买票，如果想要体验不一样的新加坡，预算又不多的情况下，很推荐来这走走！,N/A,09/10/2019
M30****5864,5.0,植物园免费进入。这座占地52公顷的植物园是忙碌城市生活的“镇静剂”，内有湖泊、稀有的热带雨林、交响乐舞台和主题花园，很多当地人在这里散步、野餐、健身和遛狗。,N/A,23/09/2019
M33****1136,5.0,"有不同国家主题的植物园 没想过新加坡会有这么大的一片绿化地带,而且是免费进场! 每一个部分都有不同的主题, 相当有特色, 但是游客不多, 我们更可以舒适地游览和拍照!",N/A,12/09/2019
M33****2295,5.0,植物公园里头有很多我说不出名字老树 这里也是当年英国殖民地时引进了第一批橡胶树种植在公园里头 当然在这必看的是 新加坡国家兰花园 喜欢花卉喜欢兰花的游客千万不要错过,N/A,12/09/2019
小妖柒月,5.0,特别好的公园～推荐大家一定要去逛一下～重点是免费景点！环境和空气都特别的赞！绝对的大自然的空气氧吧～还可以看到很多野生动物～但是胡姬花展是要单独收取门票滴～,N/A,30/07/2019
M31****5916,5.0,在植物园度过了美好的一天，因为我需要坐轮椅，我担心会错过很多，但是大多数事都适宜和方便残疾人。我会向所有人推荐这里。 让人很放松舒服的地方,N/A,22/04/2019
小酩酩🍒,5.0,行程休闲的话值得去，地铁站边上很方便。植物园门口不大，但里面规模不小。这座花园城市，处处繁花似锦。我们去的时候天挺热，特意去找了5元新币上的那棵树 分享给大家,N/A,29/09/2017
yoyolove7788,5.0,亲近大自然的好地方。     新加坡是一个好炎热的地方，但是植物长的确实好，天天万物复苏的季节，时不时还会下雨，植物的福泽宝地。     喜欢这个植物园，带上手机去拍照吧！,N/A,05/06/2017
Eddies888,4.0,百年历的植物园管理非常完善，几万种热带花茂盛，从大门开始就另我感觉很舒适，体验热带雨林的情景很写意。步行道和指示牌都做的很完美，漫步休闲的观赏各种稀罕花草。,N/A,10/04/2016
fangcao,5.0,胡姬花，各色各样，绚丽多彩，美不胜收！乌龟趴在水边，天鹅飞舞，还在水里游来游去。第一次看胡姬花，还是新加坡的国花。,N/A,25/01/2016
M30****8811,5.0,新加坡植物园的历史悠久，位于乌节路且实际占地面积非常大，汇集超过20000种亚热带和热带的花卉树木，而且它是 新加坡 首个联合国教科文组织世界文化遗产哦！,N/A,11/09/2019
笨小孩9happy,5.0,不愧是花园城市，这么多花花草草的地方，决然看不到蚊子甚至连虫子都没有。很适合游玩。同时这里应该是植物学家的天堂吧。各种植物，可以说是梦幻了。值得一来,N/A,20/04/2019
yysweet,5.0,虽然说新加坡很小，但是作为曾经的“亚洲四小龙”之一，他确实建设得很好！植物园很大，管理得非常好，观赏性特别强！虽然分不出那千万种植物，不过跑到植物园看到那么多美丽的花草，就让人非常开心了！,N/A,11/04/2019
coldwar,0.0,新加坡植物园是联合国教科文组织世界遗产名录上第一个也是唯一的热带植物园，人们去那里是为了凉爽的环境，远离城市的喧闹，设施都是免费的，所有这些都是免费的，植物园内的兰花花园里面有几千种兰花。,N/A,12/10/2017
汽水盖的天空,5.0,新加坡是一个很棒的国家。不仅环境特别漂亮，治安管理方面也特别到位。傍晚在郁郁葱葱的植物园散步是一种非常好的有氧运动，特别喜欢这里被绿植包围的感觉。,N/A,22/08/2020
M30****4954,5.0,公园自然环境很好，看到了很多小动物，还有天鹅，还有野鸡，松鼠，还有蜥蜴。这里是新加坡人拍婚纱照的好地方，遇到了好几对。植物园里有胡姬花展，孩子免费，大人3新币。走进来简直美的不要不要的！,N/A,11/09/2019
泰宁根吴承恩,5.0,新加坡植物园居然不用收门票，这一点让我们非常的惊喜的。植物园面积颇大的，印象最深的是里面有很多不同颜色的鲜花的，而且植物非常多，绿树成荫特别漂亮,N/A,29/05/2020
事事随缘,5.0,新加坡植物园是新加坡首个联合国教科文组织世界文化遗产。植物园位于克伦尼路，占地74公顷，新加坡植物园是热带岛屿繁茂的缩影，结合了原始树林和专业花圃，有可圈可点之处。,N/A,16/08/2017
M33****4460,5.0,不愧是新加坡唯一的世界文化遗产 公园很大，保留和设计的都很好，适合家庭出游，有一段保存完整的热带雨林，很安静。也有不少儿童设施，对小朋友很友好。,N/A,12/09/2019
肉虫子,5.0,必须要赞一下，出票速度快，站在门口现买就来得及，使用方便！最主要的就是，价格比新加坡买都便宜！连我在新加坡工作的导游同学都说比她们买还便宜。,N/A,06/01/2020
M19****417,5.0,植物园的入口就在MRT的出口，十分方便。园内十分大，而且路也很多，大多数的市民会放狗，跟步，坐在草地上休息。至于植物，不觉得有什么特别之处。,N/A,12/09/2019
75****761,5.0,很大，很惊艳，就是走得好累(&amp;#180;-ι_-｀)走了6个小时还不能说是全部看完了，(当然中途有吃饭休息)，有很多小动物，而且都不怎么怕人,N/A,04/08/2019
spencerS,4.0,首先这个门票在携程可以即买即用，价格要比前台便宜一半，非常方便划算，本身花园不大，在植物园的深处，即使这样一个低价的景点，人家园方在布置和维护上完全没有马虎，品种非常丰富，状态良好，人也不多，非常适合喜欢鲜艳颜色的中老年阿姨们拍照，很多蝴蝶兰的造型和颜色我也是第一次看到，只是天热的时候真的也是汗流浃背，建议傍晚来，可能会好一点,N/A,11/10/2018
M25****4240,5.0,一片绿洲，这么漂亮的植物园是免费的，除了里面有一个特殊的园区是要收费进入的之外，其它部分都是免费观光游览，很漂亮，而且据说这里也是历史悠久的,N/A,09/09/2018
M33****6515,5.0,大自然花园很适合步行或慢跑游览，也很适合野餐，全天都是免费的。这里有品类丰富的本土和非本土植物和花卉供人们观赏。绝对是新加坡旅游的好地方。,N/A,12/09/2019
M30****6151,5.0,新加坡植物园位于克伦尼路，占地74公顷，是热带岛屿繁茂的缩影，结合了原始树林和专业花圃，里面种植了鸡蛋花、玫瑰、蕨类植物、沙漠植物等，种类繁多的植物中包括了许多濒临灭绝的品种。,N/A,24/09/2019
拂晓乾坤,5.0,非常值得去，太美了，由国家兰花园～喜欢蝴蝶兰的不要错过,N/A,23/04/2020
Sherry365,5.0,这是我此行非常棒的一个景点，开始一直犹豫，怕室外太晒，但是还是决定去一趟，没想到去了就不想出来，我们在这里花了四个半小时徒步，身心愉悦,N/A,05/02/2017
_WeCh****99232,0.0,非常的漂亮，地方很大，很适合悠闲的散步，和几个好友坐在草地上发呆，里面的胡姬花小公园是收费的,N/A,10/08/2020
xiaojun,5.0,植物园非常大，步行需要耐力。里面的胡姬花园非常漂亮，种满了各式各样的兰花，值得一去。成人票5元（新加坡币），儿童免票，65岁以上老人票1元，凭护照即可。,N/A,20/02/2018
piaopiao06,4.0,免费的景点，但没有中文的导图，各种植物全部标识，但只有英文。不过原生态，绿意盎然，生机勃勃。值得去放松一下。新加坡难得的免费场所啦。,N/A,06/10/2016
M30****3276,5.0,去的时候遇上兰花展，超漂亮。我觉得妈妈应该会很喜欢新加坡植物园，里面有很大只不怕人的蜥蜴、不知名的鸟、鸽子，还有公鸡，对就是公鸡。,N/A,24/09/2019
M30****5169,5.0,特别好的公园，有两万多种亚热带和热带珍奇花卉植物，还有很多林茎小道，是个享受悠闲生活的好去处。且公园很干净，喜欢拍照的能有很多收获的，最重要的是不要门票，不要门票，哈哈。,N/A,24/09/2019
118****878,5.0,植物园蛮大的，各种热带植物都有，好多树很高很粗，有一颗好像是全球最后一个了。里边的蝴蝶兰花园买票，进去各色的蝴蝶兰。兜一圈也值得,N/A,02/12/2019
M30****5864,5.0,新加坡植物园非常值得去一下，植物园是免费开放的，下面很大一片草坪，很多人在上面活动，植物园里跑着很多野生的鸡，长得像农村养的公鸡和老母鸡，水塘里有特别大的鱼游来游去的。,N/A,11/09/2019
坡上谷哥,5.0,这里始终是新加坡最值得去的地方，景色美丽，贴近生活，而且免费，只是里面的胡姬花园要门票（最多是5块新币），最近里面的花棚在装修。,N/A,07/01/2019
M30****5232,5.0,英式园林景观公园，新加坡植物园在新加坡独立初期的多项“绿化新加坡”运动和“花园城市运动”过程中，发挥了重要的作用。真是太美了！,N/A,12/09/2019
M30****5169,5.0,新加坡植物园是免费的，面积非常大，环境非常好。有时间一定来这里走一走。里面有很多跑步锻炼的人，空气真的是非常好了。值得前来！,N/A,12/09/2019
xixi,5.0,不愧是花园城市，由于是夏天去的，所以里面好闷,N/A,31/10/2015
读万卷书；行万里路,5.0,新加坡植物园不需要门票，不过里面的国家胡姬园需要单独购票。植物园的面积不小，按照植物分类不同划分了多个小园区，里面还有几个小湖泊。胡姬花园里面兰花众多，值得一转。,N/A,28/10/2018
M33****2948,5.0,绿植 这里很适合做有氧运动，尤其是晚上很凉快可避避暑了； 这里其中约八成的植物物种在新加坡都属稀有，千奇百变；值得前来游玩。,N/A,13/09/2019
whoisangel,5.0,大家出去旅行一定要注意两个层面，一个是自然景观的观光，还有个是人文，包括美食。这里还是特别值得去看看的，因为这里有很多非常典型的热带雨林新加坡的环境所造就了很多特别独特的植物。在这儿植物园里面你能够看到各种各样的植物。,N/A,04/09/2019
精灵背包游侠,5.0,新加坡不愧是花园国家，是当之无愧的。到处都是茂盛的树木、花草，街道干净整洁。每天几乎都有暴雨光临，但来去迅速，阳光随即又火辣辣地透过树丛照下来了，空气闷热却清新，但不时的雨水总能让人感到片刻的清凉，还把街道冲刷得一尘不染。,N/A,23/04/2019
_WeCh****32490,4.7,非常好，DT9植物园站，A口出来右转，无缝衔接公园大门。不要门票，里面看兰花的一个小园收费，携程买票有满减，两个大人20，孩子不要门票。性价比非常高了。新加坡对带孩子玩耍的人太友好了，是个公园就有免费饮水的地方，visitor service 到处都是。非常好。,N/A,05/02/2019
山东游子,5.0,您将会看到“集全球之大全”的老爷车汇聚于此。不仅耳熟能详叫得上名字的，就连极其生僻没听过的车型都有其一席之地。其中不少经典车型并不只是用来展览，它们大多是拍卖车型。这也是每届老爷车展的传统，以此来满足收藏者们“剁手”的欲望。,N/A,28/01/2019
秦添Sunning,5.0,"始建于1822年的新加坡植物园，邻近新加坡市中心，占地64公顷，种植着众多珍贵品种，是新加坡的一个缩影。这里种有鸡蛋花、玫瑰、蕨类植物、沙漠植物等，也包括了许多濒临灭绝的品种，体现了新加坡植物园的专业性和多样化，当地人喜欢在园内散步、野餐、跑步, 甚至拍摄婚纱照。",N/A,31/12/2018
爱喝柠檬茶,4.0,新加坡植物园很靠近市中心，可以乘坐新加坡轻轨滨海市区线直接到DT9植物园站就可以了，不需要门票，但是有部分主题公园是要付费的，里面规划很好，绿化维护得很好，环境优美，空气清新，人不是很多，指示很明确，人不是很多，天然大氧吧，很赞。,N/A,03/11/2016
M33****6152,5.0,胡姬花＝兰花 学生（带本人学生证）和老人（带护照）逛兰花园只要1新币 在待三天以上的话，可以考虑去逛一逛，没有很惊叹的感觉,N/A,12/09/2019
winlong,4.3,新加坡植物园，胡姬花（兰花）是新加坡的国花！品种很多，很漂亮，图片这只是很少的一部分。实在是太漂亮了。想不到有这么多不同的兰花品种，来这里看花，醉的不想离开。,N/A,15/12/2016
hansenw66,4.7,环境很美的地方，除了胡姬花园以外，其他都是免费的，整体来说非常值得一玩。,N/A,27/10/2015
素素77,5.0,新加坡植物园是新加坡首个联合国教科文组织世界文化遗产。里面环境非常清幽，它就像一个热带岛屿繁茂的缩影，原始怎林和专业花圃都十分迷人，它一共拥有20000多种亚热带、热带的奇异花卉和珍贵树木。,N/A,29/06/2019
320****203,5.0,非常完美的一次体验，预定后很快就收到门票信息，园里的风景真的太美了。门票现场是5新币，划算很多，手动点赞！,N/A,02/10/2018
jankowong,3.7,新加坡植物园是新加坡入选世界遗产名录的景点之一，园区面积大，很多鸽子和不同种类的花草 包括可可，胡姬花等，也有兰花，不愧是花园中的城市和城市中的花园,N/A,20/01/2018
小月亮弯弯,5.0,逛了大半天植物园，指着花花草草啊啊啊个不停，还看到了蜥蜴和松鼠。这个地方真的挺好，特别适合周末郊游！哈哈哈,N/A,21/11/2017
M30****2777,5.0,新加坡植物园不用门票，是个幽静的好地方。但是，请不要像我们一样，大中午去，热到不想存在。我们走到半山的一个游客服务中心，就坐在那里不想出来了。,N/A,12/09/2019
Canshow,4.0,地铁蓝线直接到植物园门口 交通方便 里面很多热带植物 空气清新 适合野餐 锻炼 拍照 休闲 建议避开周末和公共假期出行,N/A,03/07/2019
yi****214,5.0,植物园乘坐地铁就可以到，园区除了胡姬花园需要门票外都是免费的。 作为 新加坡 的世界文化遗产，植物园的规模自然是很大。 植物园的初任园长是名景观设计师，在设计园区时试图建造出英式的田园风光。,N/A,14/10/2018
E03****23,5.0,新加坡植物园不仅在里面可以观赏植物，还有一个逼格很高的法国餐厅，超级赞，就在市中心，挨乌节路很近，让人瞬间由繁华地段转为原始森林和热带丛林。,N/A,03/01/2018
我就是传说,4.0,这是一个非常大的植物园，如同一个天然大氧吧。公园大部分都是免费开放的，里面有一个非常有名的蓝花园，大多数的游客来这里参观都是为了兰花园而来，不过来花园式收费的。在植物园里散步你偶尔还会偶遇到小动物，比如蜥蜴。,N/A,27/08/2017
Fafa125,5.0,又是一个免费的景点，也是对新加坡作为一个热带岛国的代表性标志，时间有限也没有去完所有，在这里拍了一组写真是来这里最满意的事情，推荐值得一来。,N/A,15/05/2017
201****170,5.0,植物园是免费的，唯一的特色是大树林立，环境整洁，但是一辈子很慢看到这么多兰花，我是有点晕了，不枉此行,N/A,08/02/2016
whoisangel,5.0,这支植物园的面积还是非常大的。建议大家可以有机会去那里看一下。这里面热带植物的种类还真的是非常的多。很多植物在国内根本都看不到的。建议大家能够留住半天的时间来逛一下这个植物园。,N/A,05/09/2019
百合1203,5.0,新加坡被誉为“花园城市”真的是实至名归 从机场出来的路上就可以让你感激的到 入住的乌节路到酒店离植物园很近 关键免门票 这里可以让你更加深刻的了解各种花和植物的属性 国花胡姬花很漂亮！,N/A,07/01/2019
E03****23,5.0,新加坡植物园可以多种方式过去，我们是做优步去的，优步在国内发展的不好，可是国外还是很好用，是新加坡首个联合国教科文组织世界文化遗产。,N/A,09/04/2018
E03****23,5.0,新加坡植物园的花卉品种好多呀，五颜六色五彩缤纷，爱花之人一定要去啊，不能错过，不需要门票，个别馆需要给钱，不过一点也不贵，很漂亮的。,N/A,16/02/2018
D23****52,5.0,我挺喜欢看些不同地方的植物，而且就地修建的公园，保留了大部分的生态，荷塘还有蜥蜴值得推荐，,N/A,21/07/2020
汽水盖的天空,5.0,新加坡的一个适合晨晨运或者饭散步又或者慢跑的好地方。这里绿树成荫，空气清晰，人流不算太大，当然也很适合野餐喔，特别是现在这种天气。,N/A,04/11/2019
逍遥一凡,5.0,打卡新加坡植物园 国家胡姬花园 真的是植物的天堂 形形色色 完全叫不上名字 是座天然的大氧吧 空气超级好 阳光下的湿热一到了阴凉处完全感觉不到了 园区呗有很多人性化的设计 适合带娃吸氧 哈哈,N/A,26/06/2019
M30****2342,5.0,走出地铁站就是植物园，交通非常便利。据说步行走完植物园需要5个小时，我们直接放弃了。没有去胡姬花公园，找到一个小博物馆，其实也很有趣。这里绿树成荫，草长莺飞，非常舒适。,N/A,11/09/2019
闲看日月,5.0,好棒的植物园，让人流连忘返，而且相当一部分是免费的，收费的花园价格也不高。在这里到处都是绿意盎然充满了生机，似乎气温也下降了点。,N/A,13/10/2018
khcc,4.0,植物园的面积很大，其实也可以说是一个很大的公园。有花有草，又有池塘，是一个享受大自然气息的好地方。看到不少人一家大小过去玩耍，自得其乐，但最好避开中午太阳最大的时间去。,N/A,05/09/2017
M30****8811,5.0,植物园附近很多棒棒的店啊，两家很棒的欧包店，还有一堆堆的咖啡馆和甜品店，如果不是天气热，我真是可以逛一天慢慢叹的。值得前来！,N/A,23/09/2019
我就是传说,5.0,来这里非常的方便有地铁站可以直接到这里，这也是新加坡的世界遗产之一，这里是免费参观的，是一个可爱的花园，坐在树荫非常的享受。,N/A,05/11/2017
古琼气,5.0,免费的植物园，超级超级棒！看了这个植物园，我觉得杭州是没有植物园的，这个才叫植物园！,N/A,28/06/2016
Rebeccalijie,5.0,很值得去，从美国使馆对面的门进去，3个小时左右的溜达，早些去，六点多的时候北京凉爽。,N/A,03/02/2016
素素77,5.0,新加坡植物园是我去过最美丽的热带植物园之一，植物园内有一个很大的湖泊，水中有很多天鹅、乌龟和金鱼。植物园内规划十分的人性化、科学合理。这是周末全家散步的理想之地。,N/A,13/07/2019
素素77,5.0,新加坡植物园坐落于新加坡市区正中心的位置，距离乌节路很近，是房价最贵的地方之一。新加坡地铁专门有植物园这一站，也有很多公交车可以前往，交通非常便利。植物园很大，很漂亮，热带植物种类很多。这里生态极好，天然大氧吧。,N/A,13/05/2019
tiramisu1130,5.0,在植物园里走走逛逛，空气特别好 植物园不管来多少次总能发现不同的美 兰花园和胡姬花园都一定要进去看看，园里安静的可以静听鸟语花香，然后就可以偶遇很多稀奇少有的花草！,N/A,16/02/2019
GrandLine,4.0,地铁“乌节路”出来还是有好长一段距离，走了差不多有半个小时。一座植物园能进入世界遗产名录确实少见。规模面积跟国内的那些中科院XXXX是不能比，但在寸土寸金的狮城也算是很大了。环境很好，空气清新，世界各地代表性植物基本都能欣赏到，不要门票，不过里面有几座小园，比如想看胡姬花，是需要买票的，价格不高。,N/A,06/07/2017
诗意情节,5.0,走进雅致靓丽的胡姬花植物园，直接来到喷水乐园，居然还发现了密林里两小一大三只蜥蜴，花园中的城市，绿色养眼，花团锦簇，典型的热带花园，美轮美奂，仿佛走入了仙境。,N/A,14/02/2019
e01****90,4.7,就像一个美丽的大花园，非常值得去，幸运的话还可以在路边看到一些小动物。还有好多亭子可以休息。更超值的是这么大的公园竟然是免费开放的。提醒兰花园是需要收费的！,N/A,22/01/2016
小思文,3.7,新加坡植物园也是一座比较有特色的地方，植物园里面还可以看到很多的大量的设施，很喜欢这里的植物资源，也是一处比较有特色的好地方，整个空间都是非常的巨大的哦。,N/A,24/05/2020
玖玖蓝天儿,4.0,是个扛着相机拍拍拍的好地方！花花挺美哒，有些还是热带特有的花花！！！！去的时候比较早，人也不多，挺安静，闲庭漫步的感觉还是不错的！！！,N/A,26/06/2019
suifeng2019,4.0,新加坡植物园非常值得去一下，植物园是免费开放的。里面很大一片草坪，植物园里跑着很多野生的鸡。里面还有一个收费的花园，花的品种很多，有点像滨海花园的花穹。,N/A,01/03/2020
伊恩枕,4.3,新加坡植物园真的是很有必要去的一个景点。因为实在太棒了，从图片可能看不出来什么，但是在里面真的是蛮震撼的。因为糅合了我们对盆栽和未来世界的视感。五星赞！,N/A,14/09/2017
诗意情节,5.0,Botanic Gardens站出口即是，是一个天然的大氧吧。园区很大，逛了一上午愣是没逛完。体会人与自然，彻底晒黑两个色号 不过热带植物长相真是很魔幻！,N/A,05/01/2019
小木**,5.0,新加坡植物园，Singapore Botanic Gardens，是新加坡首个联合国教科文组织世界文化遗产。植物园超赞，去的时候还有草平音乐节，开心的哦,N/A,26/01/2017
锦瑟迷音123,4.0,园内拥有亚热带、热带的奇异花卉和珍贵的树木，可分为热带、亚热带常绿乔木、灌木、蔓藤、棕榈、竹类园艺花卉、水生植物、沼生植物、寄生植物和沙漠植物等。,N/A,27/01/2020
东张西望望东西,5.0,植物园真的美到我了，面积比我想象中的要顷的，单纯说鸟语花香绿树成荫我都觉得不够的，植物特别多，好多都不认识的，而且整个植物园其实还是相当的高科技的,N/A,17/10/2019
向往自由的秋桑,5.0,植物园免票，只是里面的胡姬花园要收费。里面很大，当地人常带狗遛弯。景色不错，值得一游。,N/A,20/03/2018
红粉巫婆,5.0,哦5新币的里面，可以不去，不大，兰花还行。但是植物园里面的风景真美,N/A,11/02/2016
素素77,5.0,新加坡植物园是一个免费的市区公园，里面有一个兰花园需要收费。公园的热带雨林保护的很好，天鹅湖里有很多水鸟、红金鱼和乌龟。很漂亮的公园，值得一去。,N/A,20/04/2019
天生哥,5.0,新加坡真的很干净很sweet 植物园里各种植物花卉 将新加坡装点的更加是城市花园的美誉了 实至名归！PS 这个地方居然是免费的。走上过来散散步真的很不错,N/A,06/01/2019
E23****53,5.0,特别好，可惜我家的懒了点，很好的表现人与自然,N/A,07/08/2016
freewangyong,3.0,新加坡享有 “花园城市” 美誉，作为一张靓丽的名片，植物园成为新加坡首个联合国教科文组织世界文化遗产地，与柬埔寨吴哥窟和中国长城等标志性地标齐名。,N/A,05/03/2020
百合1203,5.0,新加坡植物园，一个会让你想在那个城市生活的植物园 这里真的不愧位花园城市 非常有道理啊！这里种植了以胡姬花为首的各种花艺 五彩缤纷 整齐斗艳 非常漂亮,N/A,29/05/2019
错了,5.0,新加坡植物园是一个免费的景点，整个园子面积比想象中大，环境是真心好的，请不要大中午去，热到想跳楼，座地铁黄线在植物园站下出站口就可以看到。,N/A,30/06/2018
爱梦媛,4.0,新加坡植物园，相对小众的旅游景点，人不算多，真的有种世外桃源的感觉，宁静致远的美感。太喜欢这里了，真的如仙境一般，梦游爱丽丝的感觉哈哈！,N/A,02/01/2020
锦瑟迷音123,4.0,新加坡是花园城市，植物园就更是城市中的花园了。植物园是新加坡首个联合国教科文组织世界文化遗产。进入园内，仿佛置身热带雨林，兰花尤其美丽。,N/A,25/12/2019
Zel0219,5.0,园内售票处还需工作人员扫码兑换纸质票入内。植物园和胡姬花园内景都很适合拍照，建议个人自由行最好找个伴一起游玩，拍照，不然自拍太可怜了～,N/A,07/10/2019
百合1203,5.0,新加坡植物园给人的印象：明媚、清新、热烈。这里空气很棒 简直就是天然的森林氧吧 有植物 也有青山绿水！最关键的是 还不需要门票 真的是太实惠了！,N/A,13/02/2019
Barnett Sun,4.7,很大的植物园 植被覆盖率100[%] 很多人在晨练 非常干净,N/A,16/02/2016
天生哥,5.0,地铁MRT就有植物园这个站 去的话还是非常方便的 这里属于新加坡比较小众的地方 很多当地人周末都会到这里来散步游玩 非常不错的地方 空气特别棒,N/A,17/02/2019
hua****4483,5.0,新加坡植物园是要比我想象的好太多，因为是周一，只有一些老外在健身，人非常少，环境清幽，园里面苍翠欲滴。植物园很大，里面还有很多主题园,N/A,20/05/2018
浮年锦记,5.0,这个海岛小国知道绿化的重要性，到处都种满了绿色的植物，气候一年都是春夏，所以一年到头都有绿叶和五彩斑斓的花，很适合来度假，空气很好。,N/A,01/02/2017
viviangwh,5.0,非常值得去，不花钱，真的美！赞,N/A,25/08/2017
320****987,5.0,里面风景很美，孩子们在里面看到了乌龟、蜥蜴、还在草地上肆无忌惮的跑。植物园里还有一个儿童园区，里面有滑梯、小迷宫、沙地和喷水区。,N/A,14/10/2018
110****999,4.0,位于市区，很大的一个植物园，有很多热带植物之前都没有见过。周围安静，空气好，如果能住在这周围，太美了。但是估计周围房价不便宜。里面树上还有小动物呢。,N/A,20/10/2015
quinchen,5.0,植物园内的一大片广阔场地，正位于市中心，是我们畅快慢跑或与家人、好友和宠物休闲野餐的绝佳地点，这里有 6 万多种令人目不暇接的植物，是自然爱好者的天堂,N/A,01/11/2020
juki235,5.0,新加坡植物园非常的大，迎面一棵非常大的美人蕉。植物园内有各式的鲜花和植物，从热带到温带到寒带都有。这里还有几片很大面积的草坪，很多新加坡人休息时都会到这里来露营活动。,N/A,27/10/2016
悠悠游游哈,4.0,第一张50米高的擎天树，集美观、实用、科技、环保于一身，极具创新的设计是整个花园不可缺少的部分。植物种类繁多，令人大开眼界！,N/A,18/07/2018
M22****3363,4.0,新加坡植物园当地有名的景点之一，里面很多亚热带，热带的花卉还有很多珍贵品种树木，有棕榈，竹类，水生及沼生植物等，很长见识。,N/A,01/03/2020
M11****808,5.0,很幸运！周日下午坐地铁去植物园，正好赶上交响乐团表演。坐在草地上和大家听了一场演奏会，微风吹拂，很好！,N/A,21/03/2017
入水问渔,3.0,坐地铁黄线到植物园Botanic Gardens站，出来就是植物园门口了。地铁直达，就在新加坡国立大学旁边，参观国立大学就顺便来了这里，进入植物园，场景瞬间由繁华地段转为原始森林和热带花丛。 植物园种植了许多奇花异草，五颜六色，灿烂开放，还看到了一只蜂鸟。园内有天然原始森林和特色花园，特色花园中有鸡蛋花属植物、玫瑰、蕨类植物和沙漠植物等，植物资源丰富。,N/A,06/09/2019
世界美食游走达人,4.3,新加坡植物园 有种身处梦境的感觉 这里让我刷新了对热带植物的认知 发现以前在北方温室看到的热带植物都是迷你版。气候差异的原因 北方植物瘦弱矮小 植物配置更多的表达了人造自然 而南方植物的庞大美丽更让人心生敬畏 能把繁茂庞大 鲜艳丰富的植物精致自然的组织在一起 可见新加坡对植物和自然的尊重和珍爱。可能人和自然也是习性相通的 正如新加坡的建筑规划条例 建筑组团的界面一边面向城市 一边面向自然  [good],N/A,20/02/2019
文文玫瑰,5.0,新加坡植物园非常赞！里面面积也算是大了 而且里面的植物种类繁多，30几度的天来这里 真的是非常不错的选择 简直就是避暑胜地了！,N/A,13/02/2019
M65****48,5.0,新加坡植物园可以由乌节路直接步行过去，大概需要走15分钟就可以进入植物园的南门，植物园是免费的，但胡姬花园需要购票进入。,N/A,19/11/2017
环球小女子,0.0,新加坡植物园里面最吸引人的应该是里面的胡姬花园。特别的漂亮，而且里面有很多各种各样的兰花，有很多温室里培育的花花草草。。,N/A,25/07/2017
misslee715,5.0,在新加坡这么小个地方，有如此大的一个免费天然大氧吧，真是不能更赞了！就在地铁Botanic Garden站，除了地铁口就是，非常方便。里面很大，要全逛下来怎么也得一天半天的。里面有非常多的植物，当然了大部分都没有中文标识的，只是随便看看。还有湖，有人造景致，很不错。湖畔的黑天鹅不怕人，可以轻轻摸一摸。园子里还有很多小鸟，松鼠、蜥蜴什么的，超级生态。植物园里还有兰花公园，是收费的，5新币。其实也很便宜了。关键是，这么大个植物园，基本上都没什么人，非常安静。,N/A,03/04/2017
laolizi66,5.0,新加坡的这个植物园真的是前所未有的大，太大了，虽然里面很多人，但是还是觉得很宽裕，它里面设计的人行道非常的宽，而且里面的植物也多得不得了，很多亚热带的植物都有。,N/A,06/11/2016
皮蛋Qi,4.0,新加坡植物园很大。设计的非常巧妙，有热带雨林区，植物的进化史区，国花胡姬花园，草坪区，古迹区。认真逛还是很有看头的，尤其对于热爱植物有认知能力的孩子来说不错。热是挺热的。附近是新加坡的豪宅区和很多大使馆，中国使馆也在附近哦,N/A,08/06/2016
_M13****3865,4.3,大門进去是免费的，很多人去踏青，植物园内另有一个种植兰花的花园，需付费进去才能參观，植物园內还有几家有名气的餐厅，一整天都可以在园内待著！,N/A,16/10/2017
_WB5****214,5.0,这大概是全世界最干净的植物园了。地铁黄线做到植物园站，出来就到了。各种各样的植物，根本就没有虫子和蚊子，满眼绿色，很适合一早去透空气了。各种奇怪的花草，很好看,N/A,20/06/2017
星小兔,4.0,坐地铁蓝线或者黄线到植物园，出a口即是。绿化面积非常高，但也有些特别的建筑。比如邵氏基金交响乐舞台，这个建筑很有特色，却又不违和，这里经常会有免费的音乐活动。,N/A,24/08/2016
litt****hzhan,0.0,很好，人也不多，兰花争奇斗艳，很美,N/A,05/02/2020
恒恒有鱼,5.0,比较好看，不过最好多穿点，有点冷。,N/A,27/10/2019
我爱tangtang,5.0,还不错，两个冷室收费，其中一个一般，雨雾林还不错。植物园很大，走一圈很累。,N/A,17/02/2016
lando lee,5.0,比想像的美，比想像的大，胡姬花园里面的花儿真漂亮。除了花园草坪，园里还有一个“天鹅湖”。真的是一步一景，值得细品,N/A,17/08/2019
小M-,5.0,美的不知道该怎么评论了… 感觉深处热带雨林中… 不得不赞一下新加坡的干净，真是值得我们学习！园子里也有小餐馆和旅游纪念品店，我就买了好多纪念品带回去送给家人,N/A,13/11/2015
M34****8740,3.0,植物园的景色不错，但路过一家人时，发现他们其中一个小孩子摸了一个果子，就引起了整只腿痒到哭了。   中午吃了一家非常好的餐厅叫       简称：G.E.S    全称：GARDEN  EVENTS   带着孩子去会送一杯饮料。,N/A,29/08/2019
M21****640,5.0,就在新加坡市内，非常值得一去,N/A,04/11/2019
Applejuice777,4.0,相当大的一个地方，估计要逛完起码一下午，推荐时间多余行程悠闲的人去，因为除了胡姬花园都是免费的，每天在新加坡看到的花都审美疲劳了，空气清新很适合洗肺,N/A,03/08/2017
M21****009,5.0,个人特别喜欢的一个地方，大概是对花草本身就喜爱。 园內有多种亚热带和热带的花卉，各种珍贵树木开放时间到24:00，对于这方面喜欢的来说，可以很尽兴。,N/A,17/10/2015
taxuewuheng,5.0,首先这个植物园是一个免费可以进去参观的，其次，这里面的空气实在是太棒了，特别的好，而且全部都是郁郁葱葱的植物，有很多珍贵的植物也能在这里看到。,N/A,23/12/2016
M20****656,5.0,不用门票 是新加坡唯一一个世界文化遗产 里面植物品种繁多 有古生植物园 热带雨林园 姜园 兰花园知道一去收费5新币,N/A,27/02/2016
ya****bs,5.0,新加坡植物园是典型的热带丛林感觉，植物种类繁多，园区也配有各种有意思的造型设计，碰上活动的时候还能欣赏到免费的表演和音乐会，很值得去观赏游览,N/A,21/06/2020
小玲子88266,5.0,新加坡植物园比广州华南植物园大好多，免费，园林布置的很漂亮。胡姬花景点需要另买票，携程比现场买票便宜10元，值！兰花品种好多，当然少不了新加坡的国花——胡姬花。金色的兰花好特别，让人咔咔咔拍个不停。有点遗憾的是，园区有一半都围起来修建。,N/A,07/09/2018
精灵背包游侠,5.0,我们特意前来拍摄大合照，优美舒适的环境。看到街上行驶的汽车都是相当崭新而干净的，市容的整洁与规划的合理是我们广州暂时无法比拟的。汽车行驶在路上仿佛在森林中穿行，令人十分舒服、惬意！,N/A,22/04/2017
__赛__,5.0,植物园距离市中心很近，从乌节路坐公交过去很方便，门票大概合算20人民币，里面挺大的，有很多种热带植物，非常美，喜欢植物的朋友一定要来逛一逛,N/A,27/01/2017
M11****109,4.3,这里是绿色氧吧，可以拥抱大自然！大年初二，总理与群众在这里一起欢度节日，这样亲民的总理，也是醉了！,N/A,10/02/2016
Kevin,4.0,离乌节路不算太远，坐公交车可以到，主要是去看里面的儿童公园的，只有小朋友才可以进去，大人可以跟一个，里面的设施和花园都是新造的，还免费。,N/A,25/01/2018
稻草人cyq,5.0,新加坡植物园，位于新加坡市郊，是东南亚最著名的植物园，繁花似锦的生态花园，游客必到景点，风景如画，最著名的当属新加坡国花——卓锦万黛兰。,N/A,27/01/2017
小虫寵,0.0,参观了草本花园，民族植物园，叶子花园和进化花园，是新加坡植物园的亮点，可以带游客回到侏罗纪时期。里面还有自由放养的公鸡，蜂鸟和黑天鹅，清晨的时候还有很多当地人来锻炼身体，,N/A,01/08/2018
320****648,5.0,公园好大，而且还是免费的，国外的公园真是良心呀。里面有好多种热带植物，有些我还是第一次听说。里面还有很多兰花，据说品种都比较高贵。,N/A,02/11/2016
吃苹果的麻雀呀,4.7,紧邻市中心，十分钟车程就能从乌节闹区进入植物园，是新加坡的缩影。以研究和收集热带植物、园艺花卉而著称，有天然原始森林和特色花园。,N/A,31/10/2020
cheng66,5.0,这个确实是一个比较值得一去的植物园，有很多热带的植物都在这里非常像是一个公园，因为他不是那种原始森林的植物园修建的也比较人为化。,N/A,22/12/2016
gz当地向导伊妹儿,4.0,新加坡植物园非常漂亮，各种名贵植物，漫步园中，景色不错，风景如画，令人留连忘返，适合拍照留念，趣味性强，性价比超高的，超赞的哦！,N/A,01/09/2016
素素77,4.0,新加坡植物园距离最繁华的商业区乌节路不远，是一个闹市中的植物园，里面的热带雨林保护得极好，都是已有很长历史的原始森林。植物园里还有一个迷你的兰花园，需要单独购买门票。,N/A,05/06/2019
河糖月色,5.0,真的很难让人难以想像在寸金尺土的新加坡市区会建有这么大的植物园，不收门票，园内树木繁盛绿草如茵，纯正的的热带风光非常值得推荐。,N/A,04/02/2017
小二的生活,4.3,值得一去哦风景优美赏国花必去园区人性化设施齐全,N/A,19/02/2016
sherry97,4.7,公园很大，很安静，人不多，有附近的居民散步、锻炼身体。里面的胡姬花园别有一番风味……,N/A,16/09/2017
320****987,5.0,植物园美如画。地方比较大，大家一定要留好充足的时间。不要逗留到天黑。因为植物园虽为全开放区域，但是依山傍水纯天然。值得一游。,N/A,24/12/2016
sha****anna,4.0,新加坡植物园，非常的宁静，各种热带植被，还有流水小景，非常的雅致。在这里散步，聊天，静坐，感受南洋的热带风情，非常的美妙，是新加坡一处虽然小众但是值得一游的地方！,N/A,10/02/2019
翱翔的大鲨鱼,4.7,新加坡植物园是进入世界遗产名录的著名景点。大概有150年历史了。那时新加坡是英国海鲜殖民地的首府。在这里依稀可见英伦风情。植物园里面郁郁葱葱，景致优美，值得一去。,N/A,10/12/2018
蜜桃粉,5.0,新加坡植物园，这里是一个大型的绿地公园，来这里是不需要门票的，这里可以看到很多的热带植物，到这里散步是一个非常不错的选择。,N/A,26/05/2017
花洋甜心,5.0,无需购买门票就可进入植物园，看到很多的游客大部分都是西方的，这里的环境很美，很适合休息养神，园内有天然原始森林和特色花园。,N/A,04/02/2017
Echo田,5.0,我觉得暑假期间能找到人少，景点美地方不容易。而且票价也很低。关键，太大了，没有车，带着老人走的累死了。如果坐地铁去植物园，要去看胡姬花园，记得不能走的小伙伴慎重！真的很远！关键，看完后，靠近景点的那个门，打车也很难。,N/A,03/08/2019
M25****4707,5.0,新加坡植物园开放于1859年。这片位于闹区旁边的绿色宝地，除了汇集超过两万种亚热带和热带的珍奇花卉树木，图书馆，还有举办露天音乐会的交响湖畔。最难能可贵的是这个植物园免费对外开放，让游客和市民都能乐在其中。,N/A,09/05/2019
U44658****782877,5.0,新加坡植物园，世界文化遗产，无需大门票，只有景点内的兰花园需要门票，女儿有学生证，只需要1新元，成人票是通过携程买的，出票迅速，便宜很多。新加坡植物园比国内植物园好太多了，里面还有孙燕姿开个人演唱会的音乐台，还有一个植物化石区，丛林密布，感觉像在侏罗纪，游客少的时候还有一丝丝恐怖的感觉。动物也很多，蜥蜴到处到是，还有松鼠，公鸡，小鸟，总之太美了！,N/A,11/02/2019
eege,5.0,免费的景点，不大，很自然，里面居然有松鼠从你身边经过，蜥蜴就在旁边的草丛趴着，鸟儿也随时等着游客吃完东西就飞到餐桌上吃剩下的饭菜，一点都不怕人。靠近地铁站附近还有个非常漂亮的湖，要不是赶时间，我们站在那里都不想走了。,N/A,09/02/2018
Tony淇,5.0,新加坡植物园紧邻市中心，只要十分钟车程就能从乌节闹区进入植物园，场景瞬间由繁华地段转为原始森林和热带花丛。 植物园以研究和收集热带植物、园艺花卉而著称，占地52公顷，是这个热带岛国的一个缩影，园内有天然原始森林和特色花园，特色花园中有鸡蛋花属植物、玫瑰、蕨类植物和沙漠植物等，植物资源丰富。 国家胡姬园（National Orchid Garden）有许多胡姬花和珍奇的中南美洲凤梨科植物。其它的景点还包括棕榈谷（Palm Valley）、生态湖（Eco-Lake）和交响乐湖畔（Symphony Lake）的露天音乐会。 游客还可到公园里的高级法国餐厅，在绿荫下享受全城数一数二的法国佳肴。,N/A,02/02/2018
汤姆猫大王,4.0,植物种类很多，但是只有英文介绍，大部分都还没看懂名字。除了各种让人倍感新鲜的热带植物，一路走过还看到了黑天鹅，小松鼠，天鹅湖内有两只白天鹅，很多鱼和乌龟。新加坡免费的公园都是维护得非常的好。里面有些主题园是需要收费的，但也不贵。,N/A,10/12/2016
136****3115,5.0,据新加坡植物园的介绍，全世界只有两个国家的首都可以十分钟车程即见原始森林，一个是南美的里约热内卢，另一个便是新加坡，这一点很容易感到。植物园座落在荷兰村附近，据说这一带是别墅区，而且欧裔人聚居较多，所以能有这么一块地方被辟为自然休闲的地方。,N/A,15/10/2016
天使在游荡,5.0,位于克伦尼路的新加坡植物园占地面积约74公顷，新加坡植物园是热带岛屿的缩影，结合了原始树林和专业花圃，拥有2万多种亚热带6热带的奇异花卉和珍贵树木，是新加坡首个世界文化遗产。来这里逛逛差不多需要一天，因这里的植物品种非常多，而且基本很多都是英文简介所以只能边走边看，整体环境还不错，也很干净,N/A,01/02/2016
飘红,0.0,新加坡地属热带国家，各种花草就极易生长繁盛，所以到处草木葱荣，兰花也不列外。新加坡国家兰花园位于新加坡植物园的中西部，包括3公顷的丘陵地，比起整个大型植物园来，兰花园也只是一小角，但是是整个植物园精华，无处不把你簇拥着，上厕所，洗手处都是兰花花，抬头时，幽兰摇曳，这可是我用过最有品位的洗手间。来兰园前，千万不要喷香水哦，否则，是对兰花香气的亵渎。,N/A,14/01/2016
hana茱茱,4.7,植物园不管是哪里的，其实都差不多，只是感觉新加坡的植物园比起国内真的是多了一份大自然的气息，很干净，特别干净，管理的很好,N/A,25/10/2015
闪电之翼,5.0,冲着孙燕姿胡姬花去的，意外发现这真的是个很美的植物园，一步一景，植被非常茂密且种类很多。真是个休闲的好地方。十分推荐！,N/A,13/10/2016
欢乐英雄,5.0,新加坡植物园有很多种的热带植物，茂密的树林和开阔的草地，非常适合度假休闲。门票是免费的，如果看其中兰花园就需要买票了。,N/A,30/01/2016
出来旅游呀,4.7,如果你新加坡深度游，如果你自由行，5颗星推荐植物园，我在趣味上打了4颗星只是因为是在静态公园里面已经属于上成，不属于趣味顶级，但作为环境养眼和心动指数完值5颗星。带上你的孩子和家人去吧，不会后悔,N/A,26/04/2016
Yaya,4.0,晚上特意去看了铁树开花，其实是灯光效果啦～白天再特意去看了一下内部的景观，简直就是个世界植物珍宝库的感觉，非常美！,N/A,08/11/2015
豆豆爱咖啡,5.0,觉得良心景点，免费的，推荐推荐！,N/A,01/10/2019
xixi李,0.0,植物园是免费的，特别的漂亮，而且里面的植物也是尤其的多，基本上要逛一天才能够看得完很多，当地的老人都喜欢在这里散步，空气挺好的，而且各种各样的兰花很多。,N/A,03/06/2017
_WeCh****89313,4.3,很漂亮的花园，适宜休闲发呆，也可以逛半天，也有很多当地市民跑步锻炼,N/A,25/07/2019
刺猬,4.0,植物园值得一去，天然大氧吧。地铁蓝线植物园下车A口出来就是很方便。,N/A,04/04/2017
傻考拉抱树,5.0,这里植物非常美，随便拍拍都比画上美，特别在天气好的时候，还有很多没见过的新奇植物，如果有人解说那就太棒了,N/A,13/11/2015
tt梦幻小妖,4.0,新加坡的热带植物品种还是很丰富的，他们的兰花类的植物，非常的漂亮，而且颜色众多，这个植物园，真的还是蛮不错的，所以我们在里面几乎呆了大半天,N/A,14/04/2019
新一代徐霞客1,5.0,坐落于克伦尼路，占地74公顷，以研究和收集热带植物、园艺花卉而著称。园内有2万多种亚热带、热带的奇异花卉和珍贵的树木，可分为热带、亚热带常绿乔木、水生植物、寄生植物和沙漠植物等。,N/A,03/04/2017
Charles__wu,3.7,等有钱有时间了，一定去体验一把。计划下月底去，但计划赶不上变化。每天都有大大小小的事发生，实在不知能不能顺利去。希望吧,N/A,01/11/2016
紫色的毛衣,5.0,新加坡植物园，这里已经有很多年的历史了最主要的是这里是免费参观的，这里绿树成荫空气特别的清新来这里的游客也非常的多大多数都是这里的当地人,N/A,06/04/2017
hw9586,5.0,景色太攒了，巨大的穹顶，里面各种植物，还有高高的楼梯，仿佛置身世外，冷气很足，进去记得多穿件衣服,N/A,21/02/2016
E24****958,0.0,这个植物园里面最值得一看的就是兰花了，而且还有一片非常漂亮的玫瑰花园，一定要去看一下，不过一定要做好攻略，看看什么时候会有什么样的花哦,N/A,11/07/2017
小凌60,3.0,植物园非常的漂亮，里面打理的非常好，这里不仅有很多非常少见的热带植物，而且还能发现很多不错的小动物，比如说有不少种类的蜥蜴，很不错。,N/A,30/12/2019
quinchen,5.0,新加坡植物园位于富人区武吉知马那边， 【景色】景色宜人，空气清新，适合运动野餐，带孩子看植物,N/A,30/11/2020
zixunshi99,4.0,还是蛮有看头的，不过我们后面有一点后悔没有接一个导览器，因为有许多植物的话，虽然有一个简单的名称，但是我们的许多特性还是不是很了解,N/A,15/03/2019
不减肥不改名,5.0,高空观景 正到不要不要的 下次带小孩过来玩 一定会好喜欢,N/A,31/10/2015
小二,0.0,新加坡植物园的面积超大，里面有许多的特色植物，环境也非常的棒！植物园里面还有一个兰花馆，第一次看到有那么多的兰花品种，非常漂亮！,N/A,24/04/2020
小小呆60,3.0,这里就是名副其实的一个城市森林，而且因为气候的原因，这里一年四季都是鲜花盛开，各种植物都在这里生长得非常的好，挺适合来这里看看。,N/A,30/12/2019
河糖月色,5.0,这里的植物园很大如果想要做一遍的话可能需要四五个小时，有很多漂亮的花朵，也有很多不知道名的植物主花园是免费的，只有兰花园有收费。,N/A,23/04/2017
陈富贵02,5.0,非常非常大的一个植物园，非常的漂亮。而且是免费的参观，可见新加坡人对环境与自然的热爱。,N/A,17/10/2015
hiluoling,3.0,新加坡的植物园就好像是城市中的一块非常漂亮的热带雨林一样，非常的漂亮，走在里面简直忘了这是深处在繁华的都市之中，非常的自然。,N/A,30/12/2019
zhulei831230,3.0,挺漂亮的一个植物园，而且由于气候的原因，这个植物园里面的每一样植物都生长得非常的茂盛，非常对得起游客，但是人确实也比较的多。,N/A,30/12/2019
小娴xiaoxian,5.0,太美的大花园了，门票最平价的景点，没有之一！,N/A,28/01/2019
^_^2,0.0,新加坡植物园，这里的空气特别的清新而且环境特别得好，风景也非常的漂亮迷人里面有很多的植物适合带小朋友跟老人过来游玩值得推荐哦,N/A,11/06/2017
彼得先生,5.0,免费的，除了胡姬花园。可以在热带雨林走走，几个人在大草坪铺一个毯子，闲聊。有时候会有免费的艺术表演。有时可以看到老师带队教授小孩子树木，植被，感受一下道地的东南亚！,N/A,26/02/2016
lavender1227,3.0,像进入阿凡达世界，热带雨林风景。植物的世界。,N/A,14/12/2015
peggy11111,5.0,距离荷兰村很近 很大的植物园 门口要记得领一份地图 除了一个看兰花的馆子收费其他都是免费的,N/A,05/12/2015
桂林仙儿,5.0,非常美！那么大的植物园居然不收门票，仅仅里面的胡姬花园象征性几块钱而已，还对学生免费---不愧是热带植物园集大成者，且干净，图文详细讲解的也好。很快就会再去一次！,N/A,07/03/2017
q****ky,3.0,非常的漂亮，就像是一个精心整理过的花园一样，而且这里可以看到新加坡的国花，整个植物园里面的植物种类也非常的多，还有温室。,N/A,30/12/2019
热爱生活0618,4.0,新加坡植物园，邻近新加坡市中心，占地64公顷，种植着众多珍贵品种，是新加坡的一个缩影。这里种有鸡蛋花、玫瑰、蕨类植物等。,N/A,05/02/2019
liyanbuct,5.0,新加坡植物园有150多年的历史了，非常的棒，这里的绿色环境是十分的有特色，而且各种各样的珍贵花卉都可以在这里找到，很多游客和当地市民都喜欢来到这里，非常的清新,N/A,10/07/2018
世界美食游走达人,3.3,please感受大地赋予你的阳光☀️  ​​​。微风刚刚好，骄阳也不燥热！正好适合我们来观赏美景！也真好是来散散步的时候！,N/A,12/02/2018
花洋甜心,4.7,新加坡植物园紧邻市中心，只要十分钟车程就能从乌节闹区进入植物园，场景瞬间由繁华地段转为原始森林和热带花丛。不错的地方。,N/A,11/12/2016
hiluoling,4.0,新加坡植物园在乌节路附近。走路半个小时。可以打车。这里面主要是热带的植物。品种还是很丰富 还有一个科研所。植物园出了里面的兰花园需要买票之外 是免费参观的。不错。,N/A,18/10/2016
tai****000,5.0,新加坡的植物园是非常大的，而且里面特别好看，种植了很多的稀有植物，还有各种的花卉，最有特色的就属这里的胡姬花，很好看的，而且这里交通很便利，有地铁直接到。,N/A,14/10/2016
Mary_Kiky_Zhu,5.0,新加坡植物园是热带岛屿繁茂的缩影，结合了原始树林和专业花圃，拥有两万多种亚热带、热带的奇异花卉和珍贵树木，其中最有特色、最吸引游人的植物就是胡姬花了。,N/A,20/10/2017
千山任我行,4.7,有百多年历史而又免费入门的植物园，面积不小，在新加坡这样一个大城市国家，有这样大的绿化公园实在难得。植物园在闹市附近，但身在其中却没有大都市的感觉。,N/A,14/04/2016
130****8776,5.0,这里是花的世界，草的海洋，万紫千红，各种你叫不出名字的植物，就是值了,N/A,05/11/2015
yygui,5.0,也是免费的，整个城市就是干净，能看到新加坡的国花，很多热带植物没见过,N/A,28/10/2015
天天高兴8802,5.0,特别喜欢这里，有时间一整天都不嫌多，满眼都是修剪的很好的绿色植物。,N/A,17/02/2020
1981ch,5.0,新加坡植物园比我想象中的大多了，看到了很多热带的植物，推荐大家一定要来这里，不枉此行，作为花国家的新加坡最具代表性的应该就是，世界最大的植物园了,N/A,08/02/2018
130****8776,5.0,位于闹市区的中心，地理位置好，景色优美，漫步在花的海洋，心情惬意,N/A,22/11/2015
134****4152,4.0,很大的植物园，不用钱的，各种珍稀植物，走进去呼吸新鲜空气真舒服,N/A,06/11/2015
明kiko,5.0,新加坡的植物园不需要门票。免费的。花草树木拍照的时候很好看。,N/A,21/04/2016
小可甜心,5.0,环境超级好，鸟语花香的，大池塘里还有各种鸟类，进去走走很舒服,N/A,01/01/2016
Ggllloo,5.0,新加坡是有名的花园城市，新加坡植物园更是名声在外，早就有所耳闻，这次的新加坡度假正好可以满足这个愿望，看了之后的确是不虚此行，非常值得一看,N/A,30/12/2017
138****9885,5.0,非常喜欢新加坡植物园，绿意盎然，美丽风情，湖和热带植物分布错落有致，锻炼的欧美人士居多，带着孩子的父母们悠然闲逸，很迷恋这个美丽的植物园。,N/A,03/12/2017
wangjue888,4.0,Singapore botanical garden位于orchard road旁边，但是却是一个很安静的地方，环境很美，还有一个漂亮的英式建筑,N/A,10/05/2017
Toyan,5.0,植物園裡有一個專門種植蘭花的花園，好想辦一盆回家，可是沒膽,N/A,09/03/2016
华-Rainbow,4.0,很大很赞的植物园！草地绿绿的，也没有特别围起来不让人进去，植物都被修剪得整整齐齐！花儿争相绽放，各种蝴蝶兰让人眼花缭乱，真的是美不胜收！,N/A,29/05/2020
小M-,5.0,新加坡植物园太美了，而且是免门票的，植物园里有几个餐厅也是不错的，而且有个卖旅游品的小商店，我买了新加坡象征的兰花项链回来送家人，很好看,N/A,11/03/2016
ai****50,4.0,交通便捷，黄线直达。一进公园，满眼的绿色，去的那天正好有本地乐团表演，飘着小雨，大家的热情不减,N/A,30/01/2016
73****099,5.0,胡姬花种类众多。设计较为自然舒适。可以感觉自身在其境中,N/A,25/12/2015
哗乌雀,5.0,很漂亮的地方，尤其兰花，特别多，特别漂亮。很适合休闲。,N/A,24/12/2015
爱吃猫和酸奶味的小蘑菇吖,5.0,这里有非常丰富的热带亚热带植物，环境淸幽，繁花似锦。,N/A,04/12/2015
Mary_Kiky_Zhu,5.0,新加坡植物园的银色大门非常精致典雅，镂空的树叶、花型图案设计，很是配景哦，植物园里最具特色的应该就是胡姬花了，总计有三千多个品种。,N/A,06/03/2018
150****1572,5.0,植物园非常的大，环境很棒，里面有天鹅湖，姜园，热带雨林，胡姬兰园等值得观看的美景，空气非常好，真正感到了人与自然和谐相处的美景！,N/A,20/04/2017
李白,4.0,前段时间刚刚去过，免费的，园内绿色环绕，很多种类的亚热带植物，以及花卉，每个品种都有想尽的中英文简介。环境优美，游客不多。好去处,N/A,03/03/2016
233****801,5.0,公园很大，有很多漂亮的花花草草，而且是免费的呢,N/A,22/03/2020
Uncle_hey,4.3,植物园是免费的，里面会有local在运动跑步什么的。比较大，也比较难走。  不过里面的兰花园蛮不错的，五新币可以逛一个小时吧。,N/A,19/03/2017
_yt00****2431,4.7,种种热带植物，有些看不懂，还是比较关心那些能吃,N/A,04/12/2015
sev****ye,5.0,占地面积很大，是免费的，有很多特色的热带植物。,N/A,19/11/2015
M515shunyi1618,5.0,新加坡气候常年都是温润的，所以它的植物长得都特别茂盛，这个植物园植物种类也是非常的多，且常年鲜花盛开。,N/A,06/06/2019
Esytfg,4.7,植物园真的太大，本来直奔着国家胡姬花园，但一路上被各种神奇的热带植物所吸引，在加上本来路途就极为遥远繁华都市中的热带园林。,N/A,31/10/2016
_YX2****058,4.3,很大，走惨了。差点儿把孩子丢了（虚惊一场）。兰花不错。携程购票很方便，还便宜，升掉了排队时间。票有效期很长，方便安排行程。,N/A,01/02/2016
陆五花,5.0,占地很多，里面很多没见过的植物，瞬间涨知识,N/A,08/01/2016
E17****85,5.0,新加坡是綠化花園城市，自然是極好看的，推薦,N/A,19/11/2015
Mary_Kiky_Zhu,5.0,植物园的大门，别具一格，非常有特色，很是应景。胡姬花是植物园内最有特色、最吸引人的，园中有专门种植胡姬花的花圃和研究所。,N/A,15/05/2018
_CFT01****7726071,4.7,植物园真的太大，在这里提醒去植物园的小伙伴，人家这个世界遗产不是浪得虚名，单单凭借在新加坡小小的弹丸之地腾出这么一大片地,N/A,27/10/2016
爱吃巧克力的猫,5.0,大人需要买门票，小孩免票，携程上买比现场便宜，所以不错，而且当初购票非常迅速，景点也值得一看，能看到很多品种的蝴蝶兰。,N/A,19/06/2019
pia****0727,5.0,取钱很方便，兰花种类很多，值得一看～ ,N/A,14/02/2019
fanfan-556,4.3,两个展馆很壮观，路上遇到了超大蜥蜴，怕怕的，还有天鹅，松鼠等等，真是好野生。姜花很漂亮，还有一种姜花的饮料可以试试。,N/A,21/01/2019
Mary_Kiky_Zhu,5.0,新加坡植物园是热带岛屿繁茂的缩影，结合了原始树林和专业花圃，拥有多种奇异花卉和珍贵树木，还包含了许多濒临灭绝的品种。,N/A,06/02/2018
花开半妍,5.0,植物园里很漂亮，有很多在中国北方不容易见到的花卉，小孩们很喜欢，里面的兰花尤其的多。我们住牛车水，做地铁过来很方便。,N/A,08/06/2016
艾思文,3.3,新加坡植物园是一个欣赏花卉的好地方，整个植物园都是景色很美的环境，植物数量很是庞大的，花园周围分布了很多的观赏道路。,N/A,19/05/2016
230****997,5.0,新加坡植物园里面有很多热带、亚热带的植物，新加坡植物园里面还有一个大的喷水池。这里还有新加坡的国花。是很不错的景点。,N/A,23/12/2015
288****651,4.0,包了一日游去的，东南亚的植物园一般都值得一去，植物种类非常多，导游很耐心，没有见过的，问导游就可以，但是不要随便碰。兰花的种类非常多，而且颜色漂亮，花朵很大。如果自己去不建议地铁，真的非常难找。,N/A,10/10/2016
M33****812,3.0,不是很值得去，里边的花和植物到处有，就是在新加坡这么热的地方植物园好凉快,N/A,06/04/2016
320****862,5.0,环境很好，而且还有机会偶遇江獭,N/A,29/02/2020
Newflyyy,5.0,花园城市新加坡的热带植物园，有很多新加坡特有花卉品种，奇花异草，水生植物等，徜徉在植物园，感受热带岛屿的魅力！,N/A,03/10/2018
玄小草,4.0,植物园虽然不大，但是因为是免费的，所以就不要太苛刻了。里面的环境还是不错的，各种鸟类都不怕人，植物品种也多。,N/A,19/06/2016
bob_zhouwei,4.7,免费的植物园，在比较市中心的位置。植物园很大，有好几个门，其中一个门挨着地铁站。园内植物很多，以树木和草本为主，花花主要以热带为主。园内还有一个山坡保留着热带雨林的面貌。走一圈要几个小时。,N/A,16/02/2016
287****816,5.0,植物园是免费的，只不过里面的国家胡姬花园是收费的，门票现场是5新币，携程比现场买票便宜10元。出票速度很快,N/A,08/10/2018
Mary_Kiky_Zhu,5.0,新加坡植物园是热带岛屿繁荣的缩影，结合了原始树林和专业花圃，拥有两万多种亚热带、热带的奇异花卉和珍贵树木。,N/A,07/07/2017
_M13****3865,4.7,植物园入园不用门票，但里面有个Orchrad garden需付费，大人一票新加坡币5元，个人觉得不错，值得去,N/A,02/10/2016
定制师莫莫酱,4.0,很大的植物园，最重要的是这里几乎是免费的，除了国花兰花园那里要收费,N/A,02/12/2015
娑娜,4.3,亲近大自然的感觉就是好 各种各样的植物看花了眼，   我喜欢这种植物，不错的好地方 在这里读书能享受大自然的清香。,N/A,05/07/2016
110****228,5.0,植物园里面种植着各种东南亚的植物，种类繁多，内部环境整洁干净，园区比较大，需要花上一天的时间前来游玩。,N/A,25/06/2016
精灵背包游侠,5.0,植物园环境非常优美舒适，花草树木很茂盛，兰花是最受欢迎的品种，俺们当时就是在园中一座亭子前拍的大合照。,N/A,22/01/2016
_CFT01****9405854,4.0,我们还去了新加坡植物园，植物园历史悠久，里面种植了很多的名贵花草，还有一个兰花园，里面有上千种兰花。,N/A,26/02/2018
蓝色星球的行者,5.0,号称亚洲第一的植物园，也确实很不错，值得一游。里面的胡姬花园确实很漂亮，不过得早点去，开到下午六点。,N/A,24/08/2017
yifulan,0.0,环境很好，很大，空气很好，很多花草树木 还能看到一些以前从未看到过的植物。 要是近的话可以经常过去走走。,N/A,21/09/2016
BigBag大背包,5.0,新加坡植物园环境相当自然，植物园里面还是蛮多的植物种类的，以前很多没有见到过的，是自然漂亮的地方了。,N/A,05/07/2016
乐乐嘻嘻哈哈,5.0,谁可以告诉我坡县有多少个植物园？而且这个植物园就在市区，并且免费开放。胡姬花，作为国花，当然是重点。,N/A,04/07/2016
林千夜,5.0,植物园占地面积很大，景色非常美丽。想不明白为什么新加坡的土地面积明明那么小，却要把植物园都弄得这么大,N/A,02/07/2016
gykxxx,4.3,植物园位于市区，离乌节路不太远，没想到在新加坡这样一个城市的市中心，能有这么美好的宁静的天然大氧吧。,N/A,26/01/2016
欢乐英雄,4.0,新加坡植物园有150多年历史了，园内有天然森林和特色的花园，入园免费，但是要进园中心的兰花园得买票。,N/A,13/01/2016
无心快鱼,4.0,具有浓郁热带风情的植物园，还有一片原始森林。其中的胡姬花园要收门票，但非常值得一看，有很漂亮的兰花。,N/A,13/01/2016
啦啦AAA,4.0,植物园靠近乌节路，除了兰花园收费，是免门票的。因为是傍晚才去，此时，园内到处可见跑步的人，他们大汗淋漓却跑得非常轻松，在绿化如此好的林荫道里跑步，对于都市人来说，是很棒的锻炼方式。,N/A,21/10/2015
M39****3565,4.0,新加坡植物园是进入世界遗产名录的著名景点。大概有150年历史了。那时新加坡是英国海鲜殖民地的首府。,N/A,03/01/2021
黄浮清,4.0,新加坡植物园自建成算起已经近两百年了，这里有众多珍贵的植物，游客与当地人都喜欢在植物园里散步、野炊,N/A,02/11/2015
SpencerM,5.0,去了之后印象非常深且让人震撼的地方，非常钦佩新加坡人在有限的土地资源发挥出无线的想象力跟创造力！,N/A,24/03/2016
chongLIchong,4.0,亚热带植物为主，兼有一些热带和温带植物，关键是植物园位于市中心，给新加坡的绿化增色不是i一点二点,N/A,11/01/2016
vers****aire,4.3,首先这里是免费的，对所有人免费开放。虽然不算大，但散散步还是很舒服的。里面有个天鹅湖，孩子很喜欢,N/A,14/11/2015
老小子ll,0.0,景色还是很好的，呼吸着大自然的清新空气，绽放的花儿映入眼帘。百花齐放。春回大地，一片姹紫嫣红。,N/A,24/08/2016
永恒的星月,5.0,新加坡植物园确实值得大家去看看。有很多很多的植物，热带雨林的，百草园的药材都有标牌标识，很好哦,N/A,15/02/2016
185****3669,5.0,植物园位于市中心，免门票的，环境真的非常好，天然大氧吧。主题花园需要单独门票，绿植养的真心好。,N/A,31/01/2016
138****8982,5.0,植物园是免票，国家兰花园在网上订购划算。老人和学生出示证件可以现场S$1新币购买，小孩免票。,N/A,13/08/2018
厦小辰,4.0,胡姬花园，相对比较一般，可以带小孩了解兰花并拍照。,N/A,31/12/2019
M49****970,5.0,环境优美，非常适合周末去娱乐休闲一下。而且那边还能偶遇各种野生动物，蜥蜴，天鹅，松鼠等等。,N/A,26/07/2019
E32****656,5.0,新加坡植物园很美，很多美丽的植物，引人注目。真不愧是花的世界～好多当地人在这跑步环境一级赞,N/A,04/02/2016
轻快的行走脚步,5.0,新加坡的植物园非常不错，环境优美，热带风光，植被茂盛，有很多珍贵品种，散步休闲的好地方！,N/A,10/06/2018
路桥人生,5.0,各种植物争奇斗艳，好多堪称极品，长见识了！主要天气太热，无法一一细看，有机会再去祥察！,N/A,20/11/2019
quinchen,5.0,【景色】新加坡植物园坐落在富人区，但很适合带孩子来逛 【趣味】小孩子很喜欢。但有很多菲佣,N/A,06/11/2019
M26****782,0.0,新加坡植物园免费开放的一个大型公园，以热带植物为主，这里有世界上最大的胡姬花养殖基地。,N/A,17/05/2017
愤怒的喵喵,0.0,树木繁多，空气清新，在园内散步有沁人心脾的舒畅感觉。环境相当自然，是自然漂亮的地方了。,N/A,29/10/2016
猫咪确实不怎么爱洗澡,0.0,新加坡植物园有很多植物可以观赏，亲近大自然的感觉就是好，环境相当自然，是自然漂亮的地方,N/A,17/08/2016
龙神皇陛下,5.0,虽然新加坡到处都是绿树成荫，她的植物园还是很值得一看，是一座热带植物的宝库和科普馆。,N/A,01/02/2018
肥肥安大王,4.0,门票免费。新加坡植物园内建有历史博物馆， 以互动和多媒体为特色详细介绍了植物园的历史文化。适合步行游览。双休日有许多菲佣聚餐。,N/A,08/01/2018
E35****63,4.0,这里有亚热带和热带的珍奇花卉树木，里面路标特别清楚，不用担心迷路，拍了好多照片，喜欢,N/A,22/10/2015
东双河第一皮匠,0.0,新加坡植物园占地面积很大，可以看到很多没见过的植物 还可以看到新加坡的国花也就是兰花,N/A,24/07/2016
笑点坏掉了,0.0,可以看到平常植物园里很多市民在活动，坐在临水的亭台楼阁，享受片刻的宁静！非常惬意哦,N/A,23/07/2016
威廉家丁,0.0,这里是绿色的天堂啊，很多种类不同的植物们在这里茁壮的成长，空气清新，非常值得来玩,N/A,23/07/2016
m34****1749,4.0,植物都被修剪得整整齐齐！花儿争相绽放，各种蝴蝶兰让人眼花缭乱，真的是美不胜收！,N/A,13/03/2020
yyhyh,5.0,虽然国内的植物园也不差，但是想说真的比国内的植物园漂亮多了，绿化也做的非常的好,N/A,24/12/2015
zeniahx,4.0,这里主要是很多以前没看过的热带的植物，离市区有点小距离，好在新加坡本身也不大！,N/A,21/12/2015
wenjun,4.0,这个植物园不用门票所以特意过来了，半天时间就够了，里面花草很美丽，很适合自拍。,N/A,16/12/2015
狮城飞鹰,5.0,非常方便，直接拿订单换门票。值得一看,N/A,07/01/2019
鹄立头,0.0,景色美美的 空气好的不得了 真的很爱，景色很好，很多植物可以观赏，休闲的好去处。,N/A,14/10/2016
闪瞎眼的2连,0.0,新加坡植物园这里花草很多很茂盛，好多没见过没听过的植物，很原始，门票也很便宜,N/A,09/09/2016
HFHR2013,5.0,由于植物多，所以空气很好，玩儿的时候风不大，吹着很舒服，适合慢慢散散步聊聊天,N/A,16/02/2016
E32****266,4.7,里面有好多没见过的奇特植物。好美的植物，不过国内也有好多可以与之媲美，哈哈！,N/A,04/02/2016
E32****230,5.0,要欣赏热带的雨林景观，就一定要来这里 绿化真的没话说，马路像公园，公园更像公园,N/A,04/02/2016
traceyjia,0.0,然后我们就打车去了新加坡植物园（乌节路）上的。（正好赶上高峰时间花了我30新） 说实话在城市中心有那么一个地方，真美,N/A,02/02/2016
小眼镜张,5.0,真的超美的， 非常值得一去 早上人多，跑步的 健身的 遛狗的 做瑜伽的 生态环境太美 。,N/A,19/03/2019
潘多拉啦啦啦,5.0,植物园很大，可以去玩一下，蛮不错,N/A,24/08/2018
留恋小姐的甜甜圈,5.0,感觉是几个小山包连在一起的，很大～很多不同肤色的人在运动，遛娃，遛狗……,N/A,02/04/2017
Mary_Kiky_Zhu,5.0,新加坡植物园，开放至今，已有150年之久咯，植物很多，特别适合拍照咯。,N/A,23/08/2016
M29****527,5.0,管理规划的都很好，而且不收费，让人很欣喜，里面有各种各样的植物，开眼界,N/A,12/05/2016
E25****34,5.0,"哈哈...挺好的,挺超值的,感觉下次还是会选择去.很适合家人朋友一起",N/A,13/01/2020
Johnny HJY,5.0,无需预订，很好用，秒出票，游玩也很愉快！价格也比市价便宜，推荐使用！,N/A,07/09/2019
M88****04,5.0,非常快！使用方便！到柜台亮出条码，一句话也不用说就换票了，里面很漂亮,N/A,24/11/2018
Katrina,5.0,这里星期六日都有表演 我和朋友许多次来野餐 配上星期六日的表演 也挺有趣的,N/A,16/01/2017
z夜雨,0.0,好多年前去的，去的时候正是鲜花盛开的季节 大部分都是兰花和其他热带花卉,N/A,05/09/2016
E34****99,5.0,空气真的很好哦，有很多的热带植物，有很多品种的兰花，最出名的是胡姬花,N/A,01/09/2016
muggu,4.3,新加坡植物园很清静，很适合散步悠闲，大自然使人放松，花儿真的很美丽。,N/A,02/12/2015
QiAn_C_W,5.0,虽然有点但是可以去溜达一下的～植物园还是值得一逛的，很大植物也很多,N/A,21/10/2019
_M13****8089,5.0,免费的公园，处于市中心，景色优美野生动物满园跑，小朋友玩得很开心！,N/A,18/04/2018
M39****3565,4.0,别看新加坡国土面积不大，植物园能规划那么大真是不容易啊！太赞了！,N/A,30/05/2020
大同薛涛,4.0,挺美的，有很多外国人逛，但只有兰花一种，适合拍照门票不贵，来植物园的可以顺道一游，这是植物园的核心景点了,N/A,21/05/2019
徐徐米妮,5.0,很好！！我们很喜欢！！新加坡好干净，好漂亮。,N/A,12/12/2017
狮子座王子,5.0,新加坡植物园里有很多珍惜的热带植物，在这里我第一次看见了胡姬花。,N/A,16/03/2017
迁都,4.7,里面的植物很多，好多都没有见过，特别是胡姬花园里面的胡姬花，很美,N/A,09/10/2016
米工头_,5.0,绿化太好了，走在里面和走在童话里一样，可以看到各种美丽的花草树木,N/A,22/02/2016
288****210,5.0,好大 休闲好去处 有湖但没山 有一颗好大的树 其实大概2小时粗粗可走完,N/A,18/09/2016
豌豆豆,3.0,我们是坐地铁过去的，地铁黄线，不要门票，免费开放。但是里面的兰花园是另收费的，但也只有5新元而已。环境非常好，里面人挺多，散步，野餐，遛狗的，,N/A,26/11/2015
Snowylvlv,0.0,很方便，不过还是要在入口左边的柜台换票，比当场在那边买便宜哦,N/A,03/04/2020
happy在线go,5.0,还可以！就是人太多了！简直就是去看人的！各个国家的都在那里！,N/A,25/12/2019
佳佳巴巴,5.0,非常值得去，很安静，没有什么团队去，里面有胡姬花园，非常漂亮,N/A,04/03/2016
ka****mk,5.0,植物园入园是不要门票的，只兰花园要，慢慢的转，可以转上一整天,N/A,27/12/2015
散落的玫瑰,5.0,值得去看看的地方，里面有很多没见过的植物，还有专人讲解。,N/A,12/03/2018
Mary_Kiky_Zhu,5.0,植物园的国家兰花园，园中有专门种植胡姬花的花圃和研究所。,N/A,16/11/2016
拂晓乾坤,5.0,非常值得去，里面的收费园，全是蝴蝶兰，太美了，太美了,N/A,29/06/2020
00****753,5.0,眼花缭乱的热带植物让人目不暇接，真是一次美妙的体验。,N/A,16/10/2018
HC Zhang,4.0,周末可以带家人去玩一天，置身在绿色的海洋，放松心情,N/A,10/01/2020
掠影0103,0.0,坐到植物园的时候，一看是免费的，当然要下去参观了。,N/A,25/02/2016
M50****634,5.0,热带植物园，里面有漂亮的兰花，拍照打卡好去处。,N/A,08/11/2019
路桥人生,5.0,景色优美，兰花绽放，各种植物应有尽有，值得观赏,N/A,17/08/2019
320****534,5.0,兰花很漂亮，值得一去，结束后公交去乌节路很方便,N/A,07/03/2019
路过，走过,4.0,很宁静的一个地方。在国内呆久了去洗洗肺也不错啊,N/A,22/11/2015
Mary_Kiky_Zhu,5.0,新加坡植物园，位于克伦尼路，占地七十四公顷。,N/A,06/10/2016
五月爱吃鱼的猫,3.7,好大的公园！空气超好！外面一圈都是免费的，很多家庭带着孩子来，里面一个要买票的，好像是看国花的，我没进去，有兴趣的可以去看看,N/A,23/06/2016
sardegna,4.0,喜欢植物园，里面景致不错，有很多珍惜品种。,N/A,29/12/2015
yayagogo,5.0,体验很好，有趣好玩，景色不错，值得推荐，,N/A,10/06/2020
The-walking-cat,4.0,汇集了超过两万种亚热带和热带的珍奇花卉树木，图书馆，还有举办露天音乐会的交响湖畔。最难能可贵的是这个植物园免费对外开放，,N/A,16/04/2016
Windowwwww,5.0,非常好，植物园真的好大。里边什么植物都有,N/A,09/04/2016
M74****45,3.7,一进去整个人都很放松，很多植物，大开眼界,N/A,14/12/2015
旭2007,4.0,植物的种类还是挺多的，看看比较长见识。,N/A,08/03/2020
厦小辰,5.0,相对比较一般，有多余时间散步一下还可以,N/A,31/12/2019
jc****h,5.0,植物园比较大，值得游玩！花很多很漂亮！,N/A,17/08/2019
过来人,5.0,是一个强身健体的最佳有氧地，值得推荐!,N/A,26/06/2019
散落的玫瑰,5.0,规划的很好，有很多热带植物，值得看看。,N/A,27/03/2018
天地光芒,5.0,城市绿肺，在这里能够很好的，体验生活。,N/A,10/03/2017
M30****6513,5.0,非常棒的体验非常棒的体验非常棒的体验,N/A,11/10/2019
_WeCh****502265,5.0,很方便，也很便宜，比直接买票划算多了,N/A,23/08/2018
丁丁一锦鲤,0.0,有时间的话去看看也不错，植物比较独特,N/A,02/06/2018
M26****782,0.0,植物园里有各种各样色彩缤纷的兰花儿。,N/A,05/06/2017
_CFT01****7726071,4.0,植物园真的太大，去植物园的时候直接打的到南门，好像是南门 具体不大记得了。回来的时候搭地铁 往地图北面走很远才到地铁站。,N/A,04/11/2016
流星DCQ,0.0,地方很大，绿色覆盖，胡姬花园很赞！,N/A,05/02/2020
230****618,5.0,景色怡人，风光秀丽，门票价格不贵。,N/A,31/07/2019
102****131,5.0,好好好，好好好，好好好，好好好，,N/A,22/08/2019
cheqix,4.7,实景比照片更美，还不收费，很喜欢,N/A,04/05/2019
m15****899,5.0,景色非常美，植物茂密，休闲好去处,N/A,10/06/2017
102****131,5.0,好好好好好好，好好好，好好好，,N/A,22/08/2019
189****8168,5.0,快捷出票很好用，价格也很实惠哦,N/A,26/01/2019
E23****716,5.0,植物园很大，兰花园兰花种类很多,N/A,26/08/2018
sunnycccc,0.0,植物园很棒 绿荫葱葱的 空气也很好,N/A,06/08/2017
E50****849,5.0,好美丽的景色，果然非常的宜人！,N/A,05/01/2017
138****7578,5.0,还不错吧，夜景很棒，还有超级树,N/A,06/03/2016
爱爱李,4.0,新加坡植物园是这里最好玩的一个景观哦，这个植物园的面积蛮大的，在植物园的周围种植了大量的兰花，白色的 花朵很美。,N/A,22/01/2016
行走大千,5.0,很好的植物园  交通方便 也很幽静,N/A,08/10/2019
ann****mlp,4.3,真的很大 差点逛不出去了 免费的,N/A,17/09/2016
吸草的蚊子,4.0,看到各种各样的植物，特别是兰花的种类特别多，其实初到新加坡在机场就能感受到这是一个兰花之国了，机场就有很多。,N/A,27/07/2016
黄浮清,4.0,这里是新加坡花之城主题最佳诠释地，无数珍贵的植物遍布其中，最美的要属那近七万株名贵的兰花，美丽、典雅让我着迷,N/A,10/03/2016
chuckseu,0.0,漂亮，空气好，带孩子去不错,N/A,01/02/2020
玻璃哈特,5.0,实在太大了，走的腿都要断了,N/A,28/12/2019
Dracula之翼,4.0,有许多兰花可以欣赏，各有各的特色，许多也有设计造型，挺适合拍照，而且相比植物园的其他地方这里相对凉爽，推荐,N/A,28/07/2019
stephen乐,5.0,取票方便，携程做的很赞。,N/A,19/07/2020
M26****773,4.0,新加坡植物园已经获得历史文物保护，维护的相当好。这里是很是适合放松，接触大自然，散步的好去处，推荐看看。,N/A,23/11/2015
_CFT01****0258127,0.0,非常好，天然大氧吧。,N/A,18/01/2020
M21****08,5.0,挺好的体验，环境很好,N/A,05/01/2020
Angel-琪,5.0,植物很多，也很漂亮,N/A,12/08/2020
M54****487,4.0,兰花很好看 门票也不贵 环境很好 我去时候人也不多 兰花种类特别多,N/A,30/12/2019
_WeCh****99232,5.0,非常喜欢，很漂亮,N/A,14/12/2020
Emma33Emma,5.0,打卡必去，很值得,N/A,14/07/2020
Simon@2023,0.0,方便快捷，推荐！,N/A,16/05/2020
是否会j,5.0,挺好，不错，喜欢,N/A,05/11/2019
aaaaa大娘,0.0,公园又大又漂亮，而且鲜花盛开时非常漂亮 这里的植物物种很丰富，而且空气很好，亲近大自然的感觉就是好,N/A,06/07/2016
佛莱斯特,0.0,蛮喜欢的景点。,N/A,23/03/2020
Kathy_L,0.0,出票快，很方便,N/A,19/02/2020
冰冰鱼,0.0,还是非常不错的,N/A,23/01/2020
沈亮s,0.0,挺不错的一个公园，算是性价比非常高的地方了 公园不错 春意盎然 有山有水 里面有的花花草草，景色美丽。,N/A,23/07/2016
向你投翔,4.7,植物园时间多的话可以来，时间少可以不用来了。里面兰花特别多，其实在新加坡机场就看到很多兰花了。,N/A,27/12/2015
时间紧迫,0.0,新加坡植物园景色很好，很多植物可以观赏，亲近大自然的感觉就是好，是养肺的好地方，空气一流的棒,N/A,31/07/2016
96****268,4.0,新加坡旅游的第一站，地铁直接到的，里面碰到好多当地的小朋友，大家一起玩水，一起滑滑梯太欢乐了,N/A,08/03/2016
108****168,5.0,兰花类别多,N/A,28/11/2019
108****168,5.0,值得去观赏,N/A,28/11/2019
_WeCh****11613,5.0,不错，挺好,N/A,05/11/2019
绿茶慕司,3.0,这个感觉一般般吧，满普通的，适合慢生活。几乎没啥收费点。不过因为没啥特别，时间多的才考虑吧,N/A,16/11/2015
古琼气,5.0,棒极了！,N/A,27/10/2018
110****090,4.0,新加坡植物园里面有很多的热带植物。这里已经有一百五十年的历史了。还可以在这里看到胡姬花。,N/A,08/06/2016
wangyingqi0128,3.0,原以为便宜了，可到现场发觉贵了。主要是60岁以上的老人只要1元。但携程上没这个提示。,N/A,17/10/2018
E32****944,4.7,交通便利，出地铁口就到门口了，也有一个门离乌节路不远。是在新加坡首选的休闲型公园了。,N/A,04/02/2016
_NET****66924,3.7,这么大的植物园，周围安静，空气好，如果能住在这周围，太美了。但是估计周围房价不便宜。,N/A,01/12/2015
M56****850,4.0,景色很好，值得一游。方景色很好，值得一游。,N/A,04/03/2017
帕蒂梅拉,0.0,植物园内是非常值得来玩的，里面绿植分布非常广，到处都是清新的绿色，拍的照片超级好看,N/A,25/07/2016
来啊父相伤害啊,0.0,植物园花草很多很茂盛，好多没见过没听过的植物，很多花草都不知道叫什么的非常鲜艳！,N/A,15/08/2016
Thekingzeus丶,4.7,植物园里有很多热带植物 还有很多没见过的兰花 特别漂亮 由于植物很多 连空气都变的新鲜了,N/A,04/07/2016
Kevin,4.0,本来以为植物园没什么看的，没想到里面很不错，居然玩了大半天，就是交通不是很方便,N/A,28/10/2016
努努nunu,0.0,新加坡植物园周围环境优美。还遇到两队新人 拍结婚照和举行仪式，真是非常棒的地方。,N/A,25/07/2016
IBABY99,0.0,植物园这里有着丰富绿色植被，生态环境非常好，在适应的季节，这里五彩缤纷非常漂亮,N/A,25/07/2016
小二B日月,0.0,这个植物园里面的景色很美，各种类型的植物看起来非常有朝气，亲近大自然的好地方,N/A,10/07/2016
门牙怕冷,0.0,可惜下雨吖。不过雨后的万黛兰更美。还有并不是直接刷条码进入喔。还是要换票。,N/A,27/01/2020
天意,4.0,新加坡植物园就建立在新加坡的市中心，里边树木繁茂，鸟语花香，环境十分的棒！,N/A,11/06/2017
杰森斯坦丶达,0.0,这个植物园里面的绿化超级好的，绿色植被覆盖面积很大，许多精美的花朵竞相开放,N/A,26/07/2016
虎哥jkc,0.0,这公园绿化的相当不错，空气清新。,N/A,20/10/2017
138****3432,0.0,携程购票很方便，还便宜，闲庭信步后，再去园子里享受美食，放松呼吸神清气爽,N/A,19/02/2016
糊你熊脸芭蕉桑,0.0,满视野都是珍惜的植物 啊！太值得前往参观了   我喜欢这种植物，不错的好地方,N/A,01/12/2016
tinytinyfat,3.3,个人觉得一般，就是一个普通的公园，不过环境还不错，可以吸吸新鲜空气,N/A,30/10/2015
芥末丶丶,0.0,就是去的人太多了、景点管理不太规范 很多花草树木 公园拍照片的很多,N/A,03/09/2016
打起背包去旅行,4.0,新加坡整个城市的绿化都非常得好，所以植物园也就不显得特别了。,N/A,26/10/2018
182****7728,4.0,植物园修的很好，值得一去，但不建议带孩子去，会觉得无聊,N/A,07/01/2019
_ceai****5795,4.0,热带植物物种丰富，一片绿意盎然。,N/A,13/11/2017
139****0909,4.0,坡国这么细的地方，能有这么大规模的植物园，确实不简单,N/A,17/07/2016
201****073,4.0,值得去看一看，热带地方的植物很多都很大，很漂亮,N/A,21/11/2019
红星闪耀BOSS,4.0,植物种类很多，集中展示充分，自然清新，值得一去,N/A,07/03/2017
爱爱李,4.0,新加坡植物园很大气的，整个植物品种日常多,N/A,26/07/2018
junqiao520,4.0,亚热带季风气候造就了绿色植物的生意盎然。,N/A,23/11/2016
M95****42,4.0,新加坡植物园其实不是必须去胡姬花园的,N/A,21/08/2019
_ceai****5795,4.3,花园城市新加坡的植物园质量更高。,N/A,12/11/2017
佑show,3.0,植物园很漂亮，但携程取票页面链接竟然打不开，在门口等了约半小时处理好。,N/A,06/10/2018
George Zeng,4.0,全是东南亚代表性中午，千奇百怪,N/A,03/04/2017
大秦游骑兵,3.3,挺大的，其实就是个大公园,N/A,19/07/2020
游游画画,3.0,植物园很一般。就在外面免费花园里走走就可以了，不用进胡姬花园,N/A,16/01/2019
M23****604,5.0,新加坡植物园很大，不愧是热带地区，花的种类繁多，有很多叶子花，五彩缤纷的，颜色鲜艳漂亮。里面还有个池塘，可多乌龟了，也不怕生，新加坡对动物的保护意识非常到位。不要门票，值得一去,N/A,09/12/2015
M95****82,1.0,携程真的很差劲，首选买的海豚伴游门票比现场买还要贵，再次携程说是中文讲解根本是英文讲解，只会说几句简单的中文，所以我们也没有学到什么海豚知识，甚至基本注意事项都不清楚！因为不让自己拍照，所以我们买了198新币的两张8寸照片加所有底片，底片要自己上网下载，按照他们黑的说明我都没有办法注册，我找携程帮忙看看，他说这和携程没关系，不管，此时此刻除了脏话我无话可说，如果是在套餐买的绝对不会不管的,N/A,04/08/2019
M55****642,0.0,打不开请帮我退款,N/A,15/01/2020
