Hotel ID,Hotel Name,Hotel URL
408551,Dorsett Singapore,https://www.agoda.com/dorsett-singapore/hotel/singapore-sg.html
1635,M Hotel Singapore,https://www.agoda.com/m-hotel/hotel/singapore-sg.html
10672643,Dusit Thani Laguna Singapore,https://www.agoda.com/dusit-thani-laguna-singapore/hotel/singapore-sg.html
51381,Hotel Royal @ Queens,https://www.agoda.com/hotel-royal-queens/hotel/singapore-sg.html
10604,Singapore Marriott Tang Plaza Hotel,https://www.agoda.com/singapore-marriott-tang-plaza-hotel/hotel/singapore-sg.html
5227,Village Hotel Changi by Far East Hospitality,https://www.agoda.com/village-hotel-changi-by-far-east-hospitality/hotel/singapore-sg.html
1105091,Hotel Boss,https://www.agoda.com/hotel-boss/hotel/singapore-sg.html
10600,Rendezvous Hotel Singapore by Far East Hospitality,https://www.agoda.com/rendezvous-hotel-sg-by-far-east-hospitality/hotel/singapore-sg.html
6593699,"Capri by Fraser China Square, Singapore",https://www.agoda.com/capri-by-fraser-china-square-singapore/hotel/singapore-sg.html
522329,One Farrer Hotel,https://www.agoda.com/one-farrer-hotel/hotel/singapore-sg.html
1192785,M Social Singapore,https://www.agoda.com/m-social-singapore/hotel/singapore-sg.html
165693,Studio M Hotel,https://www.agoda.com/studio-m-hotel/hotel/singapore-sg.html
10593,Grand Copthorne Waterfront Hotel,https://www.agoda.com/grand-copthorne-waterfront-hotel/hotel/singapore-sg.html
335555,Capri by Fraser Changi City. Singapore,https://www.agoda.com/capri-by-fraser-changi-city/hotel/singapore-sg.html
6840955,Village Hotel Sentosa by Far East Hospitality,https://www.agoda.com/village-hotel-at-sentosa-by-far-east-hospitality/hotel/singapore-sg.html
2256959,YOTEL Singapore Orchard Road,https://www.agoda.com/yotel-singapore-orchard-road/hotel/singapore-sg.html
920797,Aqueen Hotel Paya Lebar,https://www.agoda.com/aqueen-hotel-paya-lebar/hotel/singapore-sg.html
254056,V Hotel Lavender,https://www.agoda.com/v-hotel-lavender/hotel/singapore-sg.html
10617,Royal Plaza on Scotts Hotel,https://www.agoda.com/royal-plaza-on-scotts-hotel/hotel/singapore-sg.html
96909,Hotel Royal,https://www.agoda.com/hotel-royal/hotel/singapore-sg.html
10602,Hilton Singapore Orchard,https://www.agoda.com/hilton-singapore-orchard-sg-clean/hotel/singapore-sg.html
77323,Robertson Quay Hotel (SG Clean Certified),https://www.agoda.com/robertson-quay-hotel/hotel/singapore-sg.html
185945,Marina Bay Sands,https://www.agoda.com/marina-bay-sands/hotel/singapore-sg.html
10577,Village Hotel Albert Court by Far East Hospitality,https://www.agoda.com/village-hotel-albert-court-by-far-east-hospitality/hotel/singapore-sg.html
1411720,Hotel G Singapore,https://www.agoda.com/hotel-g-singapore/hotel/singapore-sg.html
873564,Hotel Chancellor@Orchard,https://www.agoda.com/hotel-chancellor-orchard/hotel/singapore-sg.html
89722,Amara Sanctuary Resort Sentosa,https://www.agoda.com/amara-sanctuary-resort-sentosa/hotel/singapore-sg.html
10611,Orchard Rendezvous Hotel by Far East Hospitality,https://www.agoda.com/orchard-rendezvous-hotel-by-far-east-hospitality/hotel/singapore-sg.html
2402698,Mercure Singapore on Stevens,https://www.agoda.com/mercure-singapore-on-stevens/hotel/singapore-sg.html
2402693,Novotel Singapore On Stevens,https://www.agoda.com/novotel-singapore-on-stevens/hotel/singapore-sg.html
410039,Park Avenue Changi Hotel,https://www.agoda.com/park-avenue-changi-hotel/hotel/singapore-sg.html
35668940,Momentus Hotel Alexandra,https://www.agoda.com/momentus-hotel-alexandra/hotel/singapore-sg.html
10595,Grand Park City Hall Hotel,https://www.agoda.com/grand-park-city-hall-hotel/hotel/singapore-sg.html
344614,Champion Hotel,https://www.agoda.com/champion-hotel/hotel/singapore-sg.html
10580,Carlton Hotel Singapore,https://www.agoda.com/carlton-hotel-singapore/hotel/singapore-sg.html
1122442,ibis Styles Singapore On Macpherson,https://www.agoda.com/ibis-styles-singapore-on-macpherson/hotel/singapore-sg.html
1177515,Holiday Inn Express Singapore Katong,https://www.agoda.com/holiday-inn-express-singapore-katong/hotel/singapore-sg.html
159109,Value Hotel Thomson,https://www.agoda.com/value-hotel-thomson/hotel/singapore-sg.html
65156,Oxford Hotel,https://www.agoda.com/oxford-hotel/hotel/singapore-sg.html
10627,York Hotel,https://www.agoda.com/york-hotel/hotel/singapore-sg.html
10598,InterContinental Singapore,https://www.agoda.com/intercontinental-singapore/hotel/singapore-sg.html
240232,Hotel 1900 @ Chinatown,https://www.agoda.com/hotel-1900/hotel/singapore-sg.html
10592,Goodwood Park Hotel,https://www.agoda.com/goodwood-park-hotel/hotel/singapore-sg.html
460426,Carlton City Hotel Singapore,https://www.agoda.com/carlton-city-hotel-singapore/hotel/singapore-sg.html
41737232,Arena eSports @ Orchard,https://www.agoda.com/arena-esports-orchard/hotel/singapore-sg.html
773983,Genting Hotel Jurong,https://www.agoda.com/genting-hotel-jurong/hotel/singapore-sg.html
109878,Value Hotel Balestier,https://www.agoda.com/value-hotel-balestier/hotel/singapore-sg.html
1184356,Oasia Hotel Downtown Singapore by Far East Hospitality,https://www.agoda.com/oasia-hotel-downtown-singapore-by-far-east-hospitality/hotel/singapore-sg.html
296332,Travelodge Harbourfront Singapore,https://www.agoda.com/bay-hotel-singapore/hotel/singapore-sg.html
97550,Hotel Mi Bencoolen,https://www.agoda.com/hotel-mi/hotel/singapore-sg.html
10586,Vibe Hotel Singapore Orchard,https://www.agoda.com/vibe-hotel-singapore-orchard_2/hotel/singapore-sg.html
10610,Orchard Hotel Singapore,https://www.agoda.com/orchard-hotel-singapore/hotel/singapore-sg.html
1193642,7 Wonders Hostel,https://www.agoda.com/7-wonders-hostel/hotel/singapore-sg.html
96903,Hotel Bencoolen,https://www.agoda.com/hotel-bencoolen/hotel/singapore-sg.html
10623,Furama RiverFront,https://www.agoda.com/furama-riverfront-hotel/hotel/singapore-sg.html
33762307,Beverly Hotels Elements,https://www.agoda.com/beverly-hotels-elements/hotel/singapore-sg.html
461545,ONE15 Marina Sentosa Cove Singapore,https://www.agoda.com/one15-marina-sentosa-cove-singapore/hotel/singapore-sg.html
45138874,Dash Living Rochor,https://www.agoda.com/dash-living-rochor/hotel/singapore-sg.html
44923,Copthorne King's Hotel Singapore on Havelock,https://www.agoda.com/copthorne-king-s-hotel/hotel/singapore-sg.html
65157,Holiday Inn Express And Suites Singapore Novena,https://www.agoda.com/holiday-inn-express-and-suites-singapore-novena/hotel/singapore-sg.html
446168,"Pan Pacific Serviced Suites Beach Road, Singapore",https://www.agoda.com/pan-pacific-serviced-suites-beach-road-singapore/hotel/singapore-sg.html
98946,Siloso Beach Resort Sentosa,https://www.agoda.com/siloso-beach-resort-sentosa/hotel/singapore-sg.html
542502,Changi Cove,https://www.agoda.com/changi-cove/hotel/singapore-sg.html
37697227,Arena eSports Hotel @ Bugis Village,https://www.agoda.com/arena-esports-hotel-bugis-village/hotel/singapore-sg.html
2129,Hotel Grand Central,https://www.agoda.com/hotel-grand-central/hotel/singapore-sg.html
237531,Hotel Fort Canning,https://www.agoda.com/hotel-fort-canning/hotel/singapore-sg.html
8024,Amara Singapore,https://www.agoda.com/amara-singapore/hotel/singapore-sg.html
2284318,Pan Pacific Orchard,https://www.agoda.com/pan-pacific-orchard_6/hotel/all/singapore-sg.html
488688,Village Hotel Katong by Far East Hospitality,https://www.agoda.com/village-hotel-katong-by-far-east-hospitality/hotel/singapore-sg.html
30649824,AM Hotel,https://www.agoda.com/am-hotel/hotel/singapore-sg.html
109168,Quincy Hotel Singapore by Far East Hospitality - Adults Only,https://www.agoda.com/quincy-hotel-by-far-east-hospitality/hotel/singapore-sg.html
10601,Concorde Hotel Singapore,https://www.agoda.com/concorde-hotel-singapore/hotel/singapore-sg.html
33923588,"The Assembly Place, A Co-Living Hotel @ Mayo",https://www.agoda.com/the-assembly-place-a-co-living-hotel-mayo/hotel/singapore-sg.html
567443,Strand Hotel,https://www.agoda.com/strand-hotel/hotel/singapore-sg.html
164221,Rest Bugis Hotel,https://www.agoda.com/santa-grand-hotel-bugis/hotel/singapore-sg.html
289410,Park Avenue Rochester Hotel,https://www.agoda.com/park-avenue-rochester-hotel/hotel/singapore-sg.html
148973,The Robertson House by The Crest Collection,https://www.agoda.com/park-hotel-clarke-quay/hotel/singapore-sg.html
10587,"Peninsula Excelsior Singapore, A Wyndham Hotel",https://www.agoda.com/peninsula-excelsior-hotel/hotel/singapore-sg.html
108593,Crowne Plaza Changi Airport,https://www.agoda.com/crowne-plaza-changi-airport/hotel/singapore-sg.html
28177510,The Snooze Hotel Marine Parade,https://www.agoda.com/the-snooze-hotel/hotel/singapore-sg.html
5929049,Hotel 81 Orchid,https://www.agoda.com/hotel-81-orchid_14/hotel/singapore-sg.html
43385687,The Room Capsule Hotel,https://www.agoda.com/the-room-capsule-hotel/hotel/singapore-sg.html
164241,Orchid Country Club,https://www.agoda.com/orchid-country-club_2/hotel/singapore-sg.html
109247,Ibis Singapore on Bencoolen Hotel,https://www.agoda.com/ibis-singapore-on-bencoolen-hotel/hotel/singapore-sg.html
45214534,Amrise Hotel Kitchener,https://www.agoda.com/amrise-hotel-kitchener/hotel/singapore-sg.html
10621,Swissotel The Stamford,https://www.agoda.com/swissotel-the-stamford-hotel/hotel/singapore-sg.html
9796412,lyf Funan Singapore,https://www.agoda.com/lyf-funan-singapore/hotel/singapore-sg.html
37957971,Mondrian Singapore Duxton,https://www.agoda.com/mondrian-singapore-duxton_2/hotel/singapore-sg.html
41983953,Aqueen Prestige Hotel Jalan Besar,https://www.agoda.com/aqueen-prestige-hotel-jalan-besar/hotel/singapore-sg.html
10625,Pan Pacific Singapore,https://www.agoda.com/pan-pacific-singapore/hotel/singapore-sg.html
97555,Hotel 81 Tristar,https://www.agoda.com/hotel-81-tristar/hotel/singapore-sg.html
237427,Park Regis Singapore,https://www.agoda.com/park-regis-singapore/hotel/singapore-sg.html
45889049,ISA Hotel Amber Road,https://www.agoda.com/isa-1930s/hotel/singapore-sg.html
535595,The Southbridge Hotel,https://www.agoda.com/the-southbridge-hotel/hotel/singapore-sg.html
6840830,The Outpost Hotel Sentosa by Far East Hospitality (Adult Only),https://www.agoda.com/the-outpost-hotel-by-far-east-hospitality/hotel/singapore-sg.html
407120,"PARKROYAL COLLECTION Pickering, Singapore",https://www.agoda.com/parkroyal-on-pickering/hotel/singapore-sg.html
10603,"PARKROYAL COLLECTION Marina Bay, Singapore",https://www.agoda.com/marina-mandarin-singapore-hotel/hotel/singapore-sg.html
1077771,Hotel Bencoolen @ Hong Kong Street,https://www.agoda.com/hotel-bencoolen-hong-kong-street/hotel/singapore-sg.html
1179189,Mercure Singapore Bugis,https://www.agoda.com/mercure-singapore-bugis/hotel/singapore-sg.html
2284396,JEN Singapore Tanglin by Shangri-La,https://www.agoda.com/jen-singapore-tanglin-by-shangri-la_21/hotel/all/singapore-sg.html
2115729,Dao by Dorsett AMTD Singapore,https://www.agoda.com/oakwood-premier-oue-singapore/hotel/singapore-sg.html
256506,Oasia Hotel Novena Singapore by Far East Hospitality,https://www.agoda.com/oasia-hotel-novena-singapore-by-far-east-hospitality/hotel/singapore-sg.html
20124944,Oasia Resort Sentosa by Far East Hospitality,https://www.agoda.com/le-meridien-singapore-sentosa_7/hotel/singapore-sg.html
6587859,YOTELAIR Singapore Changi Airport at Jewel,https://www.agoda.com/yotelair-singapore-changi-airport_2/hotel/singapore-sg.html
70328,ibis budget Singapore Selegie,https://www.agoda.com/fragrance-hotel-selegie/hotel/singapore-sg.html
2065138,InterContinental Singapore Robertson Quay,https://www.agoda.com/intercontinental-singapore-robertson-quay/hotel/singapore-sg.html
10596,Voco Orchard Singapore – An IHG Hotel,https://www.agoda.com/voco-orchard-singapore-an-ihg-hotel_9/hotel/singapore-sg.html
51377,Hotel 81 Premier Star,https://www.agoda.com/hotel-81-premier-star/hotel/singapore-sg.html
6546310,South East Asia Hotel,https://www.agoda.com/south-east-asia-hotel_2/hotel/singapore-sg.html
502090,Holiday Inn Express Singapore Clarke Quay,https://www.agoda.com/holiday-inn-express-singapore-clarke-quay/hotel/singapore-sg.html
10591,Village Hotel Bugis by Far East Hospitality,https://www.agoda.com/village-hotel-bugis-by-far-east-hospitality/hotel/singapore-sg.html
51383,Hotel Supreme,https://www.agoda.com/hotel-supreme/hotel/singapore-sg.html
2007720,Hotel Traveltine,https://www.agoda.com/destination-singapore-beach-road/hotel/singapore-sg.html
10626,"The Ritz-Carlton, Millenia Singapore",https://www.agoda.com/the-ritz-carlton-millenia-singapore/hotel/singapore-sg.html
159124,Value Hotel Nice,https://www.agoda.com/value-hotel-nice/hotel/singapore-sg.html
276827,Sofitel Singapore Sentosa Resort And Spa,https://www.agoda.com/sofitel-singapore-sentosa-resort-and-spa/hotel/singapore-sg.html
39892713,Kranji Sanctuary Resort,https://www.agoda.com/kranji-sanctuary-resort/hotel/singapore-sg.html
239470,Hotel 81 Kovan,https://www.agoda.com/hotel-81-kovan/hotel/singapore-sg.html
705396,Venue Hotel The Lily,https://www.agoda.com/venue-hotel-the-lily/hotel/singapore-sg.html
9965791,Ji Hotel Orchard Singapore,https://www.agoda.com/ji-hotel/hotel/singapore-sg.html
37275624,Haising Hotel,https://www.agoda.com/haising_2/hotel/singapore-sg.html
9383066,Hmlet Cantonment,https://www.agoda.com/hmlet-cantonment/hotel/singapore-sg.html
1515706,Hotel 81 Changi,https://www.agoda.com/hotel-81-changi/hotel/singapore-sg.html
10615,Fairmont Singapore,https://www.agoda.com/fairmont-singapore/hotel/singapore-sg.html
297130,Resorts World Sentosa - Equarius Hotel,https://www.agoda.com/resorts-world-sentosa-equarius-hotel/hotel/singapore-sg.html
410565,Hotel Clover 769 North Bridge Road,https://www.agoda.com/hotel-clover-769-north-bridge-road/hotel/singapore-sg.html
433173,V Hotel Bencoolen,https://www.agoda.com/v-hotel-bencoolen/hotel/singapore-sg.html
1177140,Hotel Indigo Singapore Katong,https://www.agoda.com/hotel-indigo-singapore-katong/hotel/singapore-sg.html
9924212,ST Signature Tanjong Pagar,https://www.agoda.com/st-signature-tanjong-pagar/hotel/singapore-sg.html
3721,Summer View Hotel,https://www.agoda.com/summer-view-hotel/hotel/singapore-sg.html
478637,Holiday Inn Express Singapore Orchard Road,https://www.agoda.com/holiday-inn-express-singapore-orchard-road/hotel/singapore-sg.html
2284308,"Shangri-La Rasa Sentosa, Singapore",https://www.agoda.com/shangri-la-rasa-sentosa-singapore_12/hotel/all/singapore-sg.html
193528,Pullman Singapore Orchard,https://www.agoda.com/pullman-singapore-orchard_7/hotel/singapore-sg.html
2284309,Shangri-La Singapore,https://www.agoda.com/shangri-la-singapore_32/hotel/all/singapore-sg.html
6202109,Hotel 1888 Collection,https://www.agoda.com/hotel-1888-collection_2/hotel/singapore-sg.html
48642,YWCA Fort Canning,https://www.agoda.com/fort-canning-lodge/hotel/singapore-sg.html
2190890,Hilton Garden Inn Singapore Serangoon,https://www.agoda.com/hilton-garden-inn-singapore-serangoon/hotel/singapore-sg.html
65158,The Scarlet Singapore Hotel,https://www.agoda.com/the-scarlet-singapore-hotel/hotel/singapore-sg.html
35839267,Citadines Connect Rochester Singapore,https://www.agoda.com/citadines-connect-rochester-singapore/hotel/singapore-sg.html
10553601,Citadines Rochor Singapore,https://www.agoda.com/citadines-rochor-singapore/hotel/singapore-sg.html
36802316,Owen House by Hmlet,https://www.agoda.com/owen-house-by-hmlet/hotel/singapore-sg.html
8653,Venue Hotel,https://www.agoda.com/venue-hotel/hotel/singapore-sg.html
5837054,Hotel Classic by Venue,https://www.agoda.com/hotel-classic-by-venue/hotel/singapore-sg.html
33899920,"Victoria Hotel, a NuVe Group Collection",https://www.agoda.com/victoria-hotel-a-nuve-group-collection/hotel/singapore-sg.html
286910,The Sultan,https://www.agoda.com/the-sultan/hotel/singapore-sg.html
1157006,Hotel Snow Lavender,https://www.agoda.com/hotel-snow-lavender/hotel/singapore-sg.html
461887,Hotel Miramar Singapore,https://www.agoda.com/hotel-miramar-singapore/hotel/singapore-sg.html
255503,Ibis Hotel Singapore Novena,https://www.agoda.com/ibis-hotel-singapore-novena/hotel/singapore-sg.html
1059222,Hotel Yan,https://www.agoda.com/hotel-yan/hotel/singapore-sg.html
2531587,30 Bencoolen,https://www.agoda.com/30-bencoolen/hotel/singapore-sg.html
28251027,lyf one-north Singapore,https://www.agoda.com/lyf-one-north-singapore/hotel/singapore-sg.html
1622759,Holiday Inn Singapore Little India,https://www.agoda.com/park-hotel-farrer-park-h30150608/hotel/singapore-sg.html
535824,J8 Hotel,https://www.agoda.com/j8-hotel/hotel/singapore-sg.html
3198,Hotel 81 Premier Hollywood,https://www.agoda.com/hotel-81-premier-hollywood/hotel/singapore-sg.html
254008,Hotel Grand Pacific,https://www.agoda.com/hotel-grand-pacific/hotel/singapore-sg.html
399865,W Singapore - Sentosa Cove,https://www.agoda.com/w-singapore-sentosa-cove/hotel/singapore-sg.html
11098315,ST Signature Jalan Besar,https://www.agoda.com/st-signature-jalan-besar-h11098315/hotel/singapore-sg.html
3821272,Spacepod@com,https://www.agoda.com/spacepod-com_2/hotel/singapore-sg.html
31566977,Paradox Singapore Merchant Court at Clarke Quay,https://www.agoda.com/swissotel-merchant-court_25/hotel/singapore-sg.html
31220554,HI HOTEL BUGIS,https://www.agoda.com/the-ardennes-hotel_6/hotel/singapore-sg.html
2159600,Orchard Point Serviced Apartments,https://www.agoda.com/orchard-point-serviced-apartments_3/hotel/singapore-sg.html
2550982,Hotel NuVe Urbane,https://www.agoda.com/hotel-nuve-urbane_2/hotel/singapore-sg.html
159262,Arianna Hotel,https://www.agoda.com/arianna-hotel/hotel/singapore-sg.html
313759,The Seacare Hotel,https://www.agoda.com/the-seacare-hotel/hotel/singapore-sg.html
50026,ibis budget Singapore Ruby,https://www.agoda.com/fragrance-hotel-ruby/hotel/singapore-sg.html
1105187,Hotel Conforto,https://www.agoda.com/hotel-conforto/hotel/singapore-sg.html
10581,Grand Mercure Singapore Roxy,https://www.agoda.com/grand-mercure-singapore-roxy/hotel/singapore-sg.html
5486265,Capsule@Hive Bugis,https://www.agoda.com/bond-boutique-capsule-hotel/hotel/singapore-sg.html
71556,Metropolitan YMCA Singapore,https://www.agoda.com/metropolitan-ymca-singapore_2/hotel/singapore-sg.html
51376,Hotel 81 Chinatown,https://www.agoda.com/hotel-81-chinatown/hotel/singapore-sg.html
29267792,lyf Farrer Park Singapore,https://www.agoda.com/lyf-farrer-park-singapore/hotel/singapore-sg.html
10597,Holiday Inn Singapore Orchard City Centre,https://www.agoda.com/holiday-inn-singapore-orchard-city-centre/hotel/singapore-sg.html
108811,ibis budget Singapore West Coast,https://www.agoda.com/fragrance-hotel-waterfront/hotel/singapore-sg.html
9824166,Hotel NuVe Elements Clarke Quay,https://www.agoda.com/hotel-nuve-elements-clarke-quay/hotel/singapore-sg.html
1340508,D'Resort @ Downtown East,https://www.agoda.com/d-resort-downtown-east/hotel/all/singapore-sg.html
34735841,Hotel Telegraph,https://www.agoda.com/hotel-telegraph/hotel/singapore-sg.html
10584,Conrad Centennial Singapore,https://www.agoda.com/conrad-centennial-singapore/hotel/singapore-sg.html
298873,Yaju Hotel Pte Ltd,https://www.agoda.com/home-suite-view-hotel/hotel/singapore-sg.html
165660,Hotel 81 Osaka,https://www.agoda.com/hotel-81-osaka/hotel/singapore-sg.html
10590,Furama City Centre Hotel,https://www.agoda.com/furama-city-centre-hotel/hotel/singapore-sg.html
820713,Park View Hotel,https://www.agoda.com/park-view-hotel/hotel/all/singapore-sg.html
7910172,CapsulePod@Aljunied,https://www.agoda.com/capsulepod-aljunied/hotel/singapore-sg.html
12441228,D’Hotel Singapore managed by The Ascott Limited,https://www.agoda.com/d-hotel/hotel/singapore-sg.html
73493,Harbour Ville Hotel,https://www.agoda.com/harbour-ville-hotel/hotel/singapore-sg.html
186993,Resorts World Sentosa - Hard Rock Hotel,https://www.agoda.com/resorts-world-sentosa-hard-rock-hotel/hotel/singapore-sg.html
4856426,Butternut Tree Hotel,https://www.agoda.com/butternut-tree-hotel/hotel/singapore-sg.html
12003931,The Clan Hotel Singapore by Far East Hospitality,https://www.agoda.com/the-clan-hotel-singapore/hotel/singapore-sg.html
32008190,Citadines Connect City Centre Singapore,https://www.agoda.com/citadines-connect-city-centre-singapore/hotel/singapore-sg.html
36715369,"The Assembly Place, A Co-Living Hotel @ Veerasamy",https://www.agoda.com/the-assembly-place-a-co-living-hotel-veerasamy/hotel/singapore-sg.html
1515704,Ascott Orchard Singapore,https://www.agoda.com/ascott-orchard-singapore/hotel/singapore-sg.html
71555,Fragrance Hotel - Rose,https://www.agoda.com/fragrance-hotel-rose/hotel/singapore-sg.html
108402,Hotel 81 Selegie,https://www.agoda.com/hotel-81-selegie/hotel/singapore-sg.html
2284605,JEN Singapore Orchardgateway by Shangri-La,https://www.agoda.com/jen-singapore-orchardgateway-by-shangri-la_23/hotel/all/singapore-sg.html
216234,Ibis Budget Singapore Bugis,https://www.agoda.com/fragrance-hotel-bugis/hotel/singapore-sg.html
22562398,"ST Signature Bugis Beach, SHORT OVERNIGHT, 12 hours: check in 7PM or 9PM",https://www.agoda.com/st-signature-bugis-beach-12-hours-9pm-9am-sg-clean-staycation-approved/hotel/singapore-sg.html
50024,ibis budget Singapore Emerald,https://www.agoda.com/fragrance-hotel-emerald/hotel/singapore-sg.html
97552,Hotel 81 Elegance,https://www.agoda.com/hotel-81-elegance/hotel/singapore-sg.html
5815465,Harbour Ville Hotel Hamilton,https://www.agoda.com/harbour-ville-hotel-hamilton/hotel/singapore-sg.html
51374,ibis budget Singapore Joo Chiat,https://www.agoda.com/the-fragrance-hotel-joo-chiat/hotel/singapore-sg.html
33907821,Mountbatten Hotel,https://www.agoda.com/sing-hoe-hotel/hotel/singapore-sg.html
165476,The Quay Hotel West Coast,https://www.agoda.com/santa-grand-hotel-west-coast/hotel/singapore-sg.html
291267,Fragrance Hotel - Kovan,https://www.agoda.com/fragrance-hotel-kovan/hotel/singapore-sg.html
10613,"PARKROYAL on Beach Road, Singapore",https://www.agoda.com/parkroyal-on-beach-road-singapore/hotel/singapore-sg.html
335140,Darlene Hotel,https://www.agoda.com/darlene-hotel/hotel/singapore-sg.html
50025,ibis budget Singapore Pearl,https://www.agoda.com/fragrance-hotel-pearl/hotel/singapore-sg.html
25409452,Hotel Calmo Chinatown,https://www.agoda.com/hotel-calmo-chinatown/hotel/singapore-sg.html
186088,Asphodel Inn,https://www.agoda.com/asphodel-inn/hotel/singapore-sg.html
22629223,K Hotel 1515,https://www.agoda.com/k-hotel-1515/hotel/singapore-sg.html
34227613,Coliwoo Hotel Gay World (Co-Living Style),https://www.agoda.com/coliwoo-hotel-gay-world-co-living-style/hotel/singapore-sg.html
6565974,JH Hotel,https://www.agoda.com/jh-hotel/hotel/singapore-sg.html
1620253,Hotel Mono,https://www.agoda.com/hotel-mono/hotel/singapore-sg.html
10616,"Four Points by Sheraton Singapore, Riverview",https://www.agoda.com/four-points-by-sheraton-singapore-riverview/hotel/singapore-sg.html
10583,Holiday Inn Singapore Atrium,https://www.agoda.com/holiday-inn-singapore-atrium/hotel/singapore-sg.html
10589,The Fullerton Hotel,https://www.agoda.com/the-fullerton-hotel/hotel/singapore-sg.html
108571,Hotel 81 Dickson,https://www.agoda.com/hotel-81-dickson/hotel/singapore-sg.html
625134,Lloyds Inn,https://www.agoda.com/lloyds-inn/hotel/singapore-sg.html
185973,Hotel 81 Gold,https://www.agoda.com/hotel-81-gold/hotel/singapore-sg.html
50023,ibis budget Singapore Crystal,https://www.agoda.com/fragrance-hotel-crystal/hotel/singapore-sg.html
108273,Hotel Re Pearl's Hill,https://www.agoda.com/hotel-re-pearl-s-hill/hotel/singapore-sg.html
1270250,Oakwood Studios Singapore,https://www.agoda.com/oakwood-studios-singapore/hotel/singapore-sg.html
523011,Sandpiper Hotel,https://www.agoda.com/sandpiper-hotel/hotel/singapore-sg.html
5874752,Holiday Inn Express Singapore Serangoon,https://www.agoda.com/holiday-inn-express-singapore-serangoon/hotel/singapore-sg.html
412082,Dash Living on Mackenzie,https://www.agoda.com/q-loft-hotels-mackenzie/hotel/singapore-sg.html
240207,Amrise Hotel,https://www.agoda.com/amrise-hotel/hotel/singapore-sg.html
185969,Hotel 81 Lucky,https://www.agoda.com/hotel-81-lucky/hotel/singapore-sg.html
292668,Santa Grand Hotel East Coast,https://www.agoda.com/santa-grand-hotel-east-coast/hotel/singapore-sg.html
611406,Hotel Clover The Arts,https://www.agoda.com/hotel-clover-the-arts/hotel/singapore-sg.html
36919209,Dream Chaser Boutique Capsule Hotel,https://www.agoda.com/dream-chaser/hotel/singapore-sg.html
1157083,The Noble Hotel,https://www.agoda.com/the-noble-hotel/hotel/singapore-sg.html
109267,Citadines Mount Sophia Singapore,https://www.agoda.com/citadines-mount-sophia-singapore/hotel/singapore-sg.html
2651609,Andaz Singapore,https://www.agoda.com/andaz-singapore-a-concept-by-hyatt_2/hotel/singapore-sg.html
165202,Nostalgia Hotel,https://www.agoda.com/nostalgia-hotel/hotel/singapore-sg.html
501816,Hotel 81 Fuji,https://www.agoda.com/hotel-81-fuji/hotel/singapore-sg.html
1766045,five/6 Hotel Splendour,https://www.agoda.com/five-6-hotel-splendour/hotel/singapore-sg.html
7469534,Circular House,https://www.agoda.com/circular-house_3/hotel/singapore-sg.html
5655262,MET A Space Pod @ Arab Street,https://www.agoda.com/met-a-space-pod-arab-street/hotel/singapore-sg.html
28877161,KINN Capsule,https://www.agoda.com/kinn/hotel/singapore-sg.html
91713,The St. Regis Singapore,https://www.agoda.com/the-st-regis-singapore/hotel/singapore-sg.html
470453,Jayleen 1918 Hotel,https://www.agoda.com/jayleen-1918-hotel/hotel/singapore-sg.html
97554,Hotel 81 Rochor,https://www.agoda.com/hotel-81-rochor/hotel/singapore-sg.html
91266,Naumi Hotel Singapore,https://www.agoda.com/naumi-hotel-singapore_4/hotel/singapore-sg.html
26893133,"ST Signature Jalan Besar, DAYUSE, 7 hours: 9AM-4PM",https://www.agoda.com/st-signature-jalan-besar-7-hours-9am-4pm/hotel/singapore-sg.html
10691217,ST Signature Bugis Beach,https://www.agoda.com/st-signature-bugis-beach/hotel/singapore-sg.html
41296904,Aqueen Prestige Hotel Lavender,https://www.agoda.com/aqueen-prestige-hotel-lavender/hotel/singapore-sg.html
97551,Hotel 81 Bugis,https://www.agoda.com/hotel-81-bugis/hotel/singapore-sg.html
294327,Fragrance Hotel - Viva,https://www.agoda.com/fragrance-hotel-viva/hotel/singapore-sg.html
569650,Hotel NuVe,https://www.agoda.com/hotel-nuve/hotel/singapore-sg.html
630025,Mercure Singapore Tyrwhitt,https://www.agoda.com/parc-sovereign-hotel-tyrwhitt/hotel/singapore-sg.html
6532523,Le Grove Serviced Residences,https://www.agoda.com/le-grove-serviced-residences/hotel/singapore-sg.html
22135416,"ST Signature Bugis Beach, DAYUSE, 8-9 hours: check in 8AM or 11AM",https://www.agoda.com/st-signature-bugis-beach-8-hours-11am-7pm-sg-clean-staycation-approved/hotel/singapore-sg.html
1134511,Aerotel Singapore (Transit Hotel at Terminal 1),https://www.agoda.com/aerotel-transit-hotel-terminal-1_6/hotel/singapore-sg.html
294325,Fragrance Hotel - Classic,https://www.agoda.com/fragrance-hotel-classic/hotel/singapore-sg.html
5803637,L Hotel Premier By Lion Peak,https://www.agoda.com/populous-hotel_4/hotel/singapore-sg.html
412792,New Cape Inn,https://www.agoda.com/new-cape-inn/hotel/singapore-sg.html
38473619,Republic of Singapore Yacht Club,https://www.agoda.com/republic-of-singapore-yacht-club_11/hotel/all/singapore-sg.html
648970,Penta Hotel,https://www.agoda.com/penta-hotel/hotel/singapore-sg.html
51379,RELC International Hotel,https://www.agoda.com/relc-international-hotel/hotel/singapore-sg.html
108813,Fragrance Hotel - Ocean View,https://www.agoda.com/fragrance-hotel-ocean-view/hotel/singapore-sg.html
9765802,Citadines Balestier Singapore,https://www.agoda.com/citadines-balestier-singapore/hotel/singapore-sg.html
14651985,"ST Signature Jalan Besar, DAYUSE, 5 hours: 5PM-10PM",https://www.agoda.com/st-signature-dusk-jalan-besar/hotel/singapore-sg.html
25755146,The Great Madras by Hotel Calmo,https://www.agoda.com/the-great-madras-by-hotel-calmo/hotel/singapore-sg.html
479243,The Pod @ Beach Road Boutique Capsule Hotel,https://www.agoda.com/the-pod-beach-road-boutique-capsule-hotel/hotel/singapore-sg.html
13882263,"ST Signature Jalan Besar, SHORT OVERNIGHT, 8 hours: 11:59PM-8AM",https://www.agoda.com/st-signature-lite-jalan-besar-h13809445/hotel/singapore-sg.html
276945,Lion Peak Hotel Bugis,https://www.agoda.com/marrison-hotel/hotel/singapore-sg.html
147908,Hotel 81 Sakura,https://www.agoda.com/hotel-81-sakura/hotel/singapore-sg.html
567442,Classique Hotel,https://www.agoda.com/classique-hotel/hotel/singapore-sg.html
43592015,D'Nova Hotel @ Kallang,https://www.agoda.com/d-nova-hotel-kallang/hotel/singapore-sg.html
186995,Resorts World Sentosa - Hotel Ora,https://www.agoda.com/resorts-world-sentosa-festive-hotel/hotel/singapore-sg.html
37172837,Hotel by Wassies,https://www.agoda.com/hotel-bywassies/hotel/singapore-sg.html
985471,Arcadia Hotel,https://www.agoda.com/arcadia-hotel/hotel/singapore-sg.html
502713,Tai Hoe Hotel,https://www.agoda.com/tai-hoe-hotel/hotel/singapore-sg.html
25755196,The Daulat by Hotel Calmo,https://www.agoda.com/the-daulat-by-hotel-calmo/hotel/singapore-sg.html
51378,The Inn at Temple Street Hotel,https://www.agoda.com/the-inn-at-temple-street-hotel/hotel/singapore-sg.html
590150,Chic Capsules,https://www.agoda.com/chic-capsules/hotel/singapore-sg.html
1278161,CHECK-INN @LITTLE INDIA,https://www.agoda.com/park-22-hotel-little-india/hotel/singapore-sg.html
26890104,"ST Signature Jalan Besar, SHORT OVERNIGHT, 13 hours: 6PM-7AM",https://www.agoda.com/st-signature-jalan-besar-13-hours-6pm-7am/hotel/singapore-sg.html
17830840,K Space Inn 14,https://www.agoda.com/k-space-inn-14/hotel/singapore-sg.html
32342516,Atelier,https://www.agoda.com/atelier/hotel/singapore-sg.html
284755,Orchid Hotel,https://www.agoda.com/orchid-hotel/hotel/singapore-sg.html
820716,YMCA One Orchard,https://www.agoda.com/ymca-one-orchard/hotel/all/singapore-sg.html
239469,Hotel 81 Cosy,https://www.agoda.com/hotel-81-cosy/hotel/singapore-sg.html
128838,Capella Singapore Hotel,https://www.agoda.com/capella-singapore-hotel/hotel/singapore-sg.html
401178,Bliss Hotel Singapore,https://www.agoda.com/bliss-hotel-singapore/hotel/singapore-sg.html
1284,Hotel 81 Geylang,https://www.agoda.com/hotel-81-geylang/hotel/singapore-sg.html
2628378,New Orchid Hotel,https://www.agoda.com/new-orchid-hotel_2/hotel/singapore-sg.html
446036,Four Chain View Hotel,https://www.agoda.com/four-chain-view-hotel/hotel/singapore-sg.html
286087,Hotel 81 Heritage,https://www.agoda.com/hotel-81-heritage/hotel/singapore-sg.html
5816793,Campbell Inn,https://www.agoda.com/campbell-inn_3/hotel/singapore-sg.html
10604,Singapore Marriott Tang Plaza Hotel,https://www.agoda.com/singapore-marriott-tang-plaza-hotel/hotel/singapore-sg.html
5835136,The Capitol Kempinski Hotel Singapore,https://www.agoda.com/the-capitol-kempinski-hotel-singapore/hotel/singapore-sg.html
14651979,"ST Signature Jalan Besar, DAYUSE, 5 hours: 10AM-3PM",https://www.agoda.com/st-signature-dawn-jalan-besar/hotel/singapore-sg.html
97215,ibis budget Singapore Imperial,https://www.agoda.com/fragrance-hotel-imperial/hotel/singapore-sg.html
1620069,JW Marriott Hotel Singapore South Beach,https://www.agoda.com/jw-marriott-hotel-singapore-south-beach/hotel/singapore-sg.html
10620,Sheraton Towers Singapore,https://www.agoda.com/sheraton-towers-singapore_10/hotel/singapore-sg.html
444270,Spacepod@lavender,https://www.agoda.com/spacepod-lavender_2/hotel/singapore-sg.html
9167677,Hotel Soloha @ Chinatown,https://www.agoda.com/chinatown-hotel-singapore/hotel/singapore-sg.html
7413757,ST Signature Chinatown,https://www.agoda.com/st-signature-chinatown/hotel/singapore-sg.html
30144561,Citadines Raffles Place Singapore,https://www.agoda.com/citadines-raffles-place-singapore/hotel/singapore-sg.html
9381213,Wink @ McCallum Street,https://www.agoda.com/wink-capsule-hostel-downtown/hotel/singapore-sg.html
31504337,Bluewaters Pods @ Bugis,https://www.agoda.com/bluewaters-pods-bugis/hotel/singapore-sg.html
159284,ibis budget Singapore Mount Faber,https://www.agoda.com/fragrance-hotel-royal/hotel/singapore-sg.html
22885101,"Wanderlust, The Unlimited Collection by Oakwood",https://www.agoda.com/wanderlust_2/hotel/singapore-sg.html
46187318,Amrise Hotel Kitchener Short Overnight 11Hrs,https://www.agoda.com/amrise-express-kitchener/hotel/singapore-sg.html
4641618,Atlantis Pods @ Little India,https://www.agoda.com/atlantis-pods-little-india/hotel/singapore-sg.html
16066135,"ST Signature Tanjong Pagar, DAYUSE, 6 hours: 12PM-6PM",https://www.agoda.com/st-signature-lite-tanjong-pagar-dusk/hotel/singapore-sg.html
2987257,Courtyard Singapore Novena,https://www.agoda.com/courtyard-by-marriott-singapore-novena_2/hotel/singapore-sg.html
7496505,BEAT. Sports Hostel,https://www.agoda.com/travellers-loft-jalan-besar_2/hotel/singapore-sg.html
1135765,Adamson Lodge,https://www.agoda.com/adamson-lodge/hotel/singapore-sg.html
6866393,Spacepod@hive,https://www.agoda.com/spacepod-hive/hotel/singapore-sg.html
1135169,Bright Star Hotel,https://www.agoda.com/bright-star-hotel/hotel/singapore-sg.html
31323194,Coller Boutique Hostel,https://www.agoda.com/coller-boutique-hostel/hotel/singapore-sg.html
1007,"PARKROYAL on Kitchener Road, Singapore",https://www.agoda.com/parkroyal-on-kitchener-road-singapore/hotel/singapore-sg.html
46778393,Hotel Faber Park Singapore - Handwritten Collection,https://www.agoda.com/hotel-faber-park-singapore-handwritten-collection/hotel/singapore-sg.html
2077063,La Mode (Sophia) Hotel,https://www.agoda.com/la-mode-sophia-hotel/hotel/all/singapore-sg.html
489841,The Westin Singapore,https://www.agoda.com/the-westin-singapore/hotel/singapore-sg.html
36805195,HOTEL JJH - newly opened near BUGIS,https://www.agoda.com/hotel-jjh-newly-opened-near-bugis/hotel/all/singapore-sg.html
14651995,"ST Signature Bugis Beach, DAYUSE, 5 hours: 4PM-9PM",https://www.agoda.com/st-signature-dusk-bugis-beach/hotel/singapore-sg.html
1622752,Thanksgiving Serviced Residence,https://www.agoda.com/thanksgiving-serviced-residence_2/hotel/singapore-sg.html
298765,Hotel 81 Balestier,https://www.agoda.com/hotel-81-balestier/hotel/singapore-sg.html
1045,Hotel 81 Palace (SG Clean Certified and Staycation Approved),https://www.agoda.com/hotel-81-palace/hotel/singapore-sg.html
6675601,Q Loft Hotels@Bedok,https://www.agoda.com/q-loft-hotels-bedok/hotel/singapore-sg.html
6541182,"KeSa House, The Unlimited Collection by Oakwood",https://www.agoda.com/kesa-house/hotel/singapore-sg.html
548576,Hotel NuVe Heritage,https://www.agoda.com/hotel-nuve-heritage/hotel/singapore-sg.html
294326,Fragrance Hotel - Balestier,https://www.agoda.com/fragrance-hotel-balestier/hotel/singapore-sg.html
6918887,Beary Best Kampong Glam,https://www.agoda.com/beary-best-kampong-glam/hotel/singapore-sg.html
1155567,Jayleen Clarke Quay Hotel,https://www.agoda.com/jayleen-clarke-quay-hotel/hotel/singapore-sg.html
32815138,JXIN HOTEL 嘉鑫酒店,https://www.agoda.com/jxin-hotel/hotel/singapore-sg.html
26044729,The Initial Residence,https://www.agoda.com/the-initial-residence/hotel/singapore-sg.html
1409848,Champion Hotel City,https://www.agoda.com/champion-hotel-city/hotel/singapore-sg.html
294328,Fragrance Hotel - Lavender,https://www.agoda.com/fragrance-hotel-lavender/hotel/singapore-sg.html
186994,Resorts World Sentosa - Hotel Michael,https://www.agoda.com/resorts-world-sentosa-hotel-michael/hotel/singapore-sg.html
1194490,Hotel Clover 7,https://www.agoda.com/hotel-clover-7/hotel/singapore-sg.html
17002855,Hotel Calmo Bugis,https://www.agoda.com/beach-hotel_5/hotel/singapore-sg.html
3123799,The Quay Hotel,https://www.agoda.com/the-quay-hotel_2/hotel/singapore-sg.html
5057,Hotel 81 Princess,https://www.agoda.com/hotel-81-princess/hotel/singapore-sg.html
5816798,K2 Guest House,https://www.agoda.com/k2-guest-house_2/hotel/singapore-sg.html
13349383,"ST Signature Bugis Beach, SHORT OVERNIGHT, 8 hours: 11PM-7AM",https://www.agoda.com/st-signature-lite/hotel/singapore-sg.html
2226654,Ambassador Transit Lounge Terminal 2,https://www.agoda.com/ambassador-transit-lounge-terminal-2/hotel/all/singapore-sg.html
37127755,ibis budget Singapore Gold,https://www.agoda.com/ibis-budget-singapore-gold/hotel/singapore-sg.html
1623679,Sofitel Singapore City Centre,https://www.agoda.com/sofitel-singapore-city-centre/hotel/singapore-sg.html
409796,Aloft Singapore Novena,https://www.agoda.com/aloft-singapore-novena/hotel/singapore-sg.html
186361,Perak Hotel,https://www.agoda.com/perak-hotel/hotel/singapore-sg.html
46883286,Kam Leng Hotel,https://www.agoda.com/kam-leng-hotel-h46883286/hotel/singapore-sg.html
45890404,"Amrise Hotel(Check in at 10PM, Check out at 9AM)",https://www.agoda.com/amrise-hotel-check-in-at-10pm-check-out-at-9am/hotel/singapore-sg.html
11047355,K Hotel 8,https://www.agoda.com/k-hotel-8/hotel/singapore-sg.html
256533,Aliwal Park Hotel,https://www.agoda.com/aliwal-park-hotel/hotel/singapore-sg.html
29851770,Lion Peak Hotel Hamilton,https://www.agoda.com/lion-peak-hotel-hamilton/hotel/singapore-sg.html
21954049,K Hotel Aliwal (Premier),https://www.agoda.com/k-hotel-aliwal-premier/hotel/singapore-sg.html
6377410,K Hotel 14,https://www.agoda.com/k-hotel-14/hotel/singapore-sg.html
32901963,Bluewaters Pods 38 Hongkong St,https://www.agoda.com/bluewaters-pods-hong-kong-street/hotel/singapore-sg.html
1105203,BEAT. Capsule Hostel @ Boat Quay,https://www.agoda.com/beat-capsule-hostel-boat-quay/hotel/singapore-sg.html
45124819,"The Noble Hotel (Check in 10PM, Check out 9AM)",https://www.agoda.com/the-noble-hotel-check-in-10pm-check-out-10am/hotel/singapore-sg.html
104067,Fragrance Hotel - Oasis,https://www.agoda.com/fragrance-hotel-oasis/hotel/singapore-sg.html
291266,ibis budget Singapore Clarke Quay,https://www.agoda.com/ibis-budget-singapore-clarke-quay-sg-clean-certified-staycation-approved/hotel/singapore-sg.html
108938,Ascott Raffles Place Singapore,https://www.agoda.com/ascott-raffles-place-singapore/hotel/singapore-sg.html
297131,Resorts World Sentosa - Equarius Villas,https://www.agoda.com/resorts-world-sentosa-beach-villas/hotel/singapore-sg.html
41030808,Coliwoo Orchard – Co-Living Serviced Apartments,https://www.agoda.com/coliwoo-orchard-co-living/hotel/singapore-sg.html
35958559,Hotel 81 Joy,https://www.agoda.com/hotel-81-joy/hotel/all/singapore-sg.html
255009,ibis Styles Singapore Albert,https://www.agoda.com/parc-sovereign-hotel-albert-st/hotel/singapore-sg.html
89704,ibis budget Singapore Sapphire,https://www.agoda.com/fragrance-hotel-sapphire/hotel/singapore-sg.html
14651992,"ST Signature Bugis Beach, DAYUSE, 5 hours: 9AM – 2PM",https://www.agoda.com/st-signature-dawn-bugis-beach/hotel/singapore-sg.html
862136,Hotel Fuji,https://www.agoda.com/oyo-103-hotel-fuji/hotel/singapore-sg.html
32016967,GALAXY PODS CAPSULE HOTEL BOAT QUAY,https://www.agoda.com/galaxy-pods-capsule-hotel-boat-quay/hotel/singapore-sg.html
41581342,Pullman Singapore Hill Street,https://www.agoda.com/pullman-singapore-hill-street/hotel/singapore-sg.html
3580112,Galaxy Pods @ Chinatown,https://www.agoda.com/galaxy-pods-chinatown_2/hotel/singapore-sg.html
37662690,7 Wonders Hostel Boat Quay,https://www.agoda.com/7-wonders-hostel-boat-quay/hotel/singapore-sg.html
37766984,"The Assembly at Stevens, Service Residences",https://www.agoda.com/the-assembly-at-stevens-service-residences/hotel/singapore-sg.html
38116726,Jyu Capsule Hotel,https://www.agoda.com/jyu-capsule-hotel/hotel/singapore-sg.html
90401,Link Hotel,https://www.agoda.com/link-hotel/hotel/singapore-sg.html
287095,Rucksack Inn @ Temple Street,https://www.agoda.com/rucksack-inn-temple-street_27/hotel/singapore-sg.html
34032622,L Hotel @ 51 Desker,https://www.agoda.com/golden-royal-hotel_2/hotel/singapore-sg.html
445529,Royal Hostel Singapore,https://www.agoda.com/royal-hostel-singapore/hotel/singapore-sg.html
30120420,Seaside Glamping @ Heritage Chalet,https://www.agoda.com/seaside-glamping-heritage-chalet/hotel/singapore-sg.html
2640170,Cube Boutique Capsule Hotel @ Kampong Glam,https://www.agoda.com/cube-boutique-capsule-hotel-kampong-glam/hotel/singapore-sg.html
489889,AMOY by Far East Hospitality,https://www.agoda.com/amoy-by-far-east-hospitality/hotel/singapore-sg.html
548505,Philip Hotel,https://www.agoda.com/marrison-hotel-at-desker/hotel/singapore-sg.html
100198,Somerset Bencoolen Singapore,https://www.agoda.com/somerset-bencoolen-singapore/hotel/singapore-sg.html
408519,BEAT. Arts Hostel @ Chinatown,https://www.agoda.com/istay-inn-an-urban-art-hostel/hotel/singapore-sg.html
289342,Wink @ Mosque Street,https://www.agoda.com/wink-capsule-hostel/hotel/singapore-sg.html
6997619,7 Wonders Hostel @ Upper Dickson,https://www.agoda.com/7-wonders-hostel-upper-dickson/hotel/singapore-sg.html
35241470,Glamping kaki singapore-Standard medium bell tent,https://www.agoda.com/glamping-kaki-singapore-standard-medium-bell-tent-h35241470/hotel/singapore-sg.html
3849636,Mandarin Oriental Singapore,https://www.agoda.com/mandarin-oriental-singapore_9/hotel/singapore-sg.html
445619,Blanc Inn,https://www.agoda.com/blanc-inn/hotel/singapore-sg.html
10588,Four Seasons Hotel Singapore,https://www.agoda.com/four-seasons-hotel-singapore/hotel/singapore-sg.html
523089,L Hotel @ Broadway,https://www.agoda.com/broadway-hotel-singapore/hotel/singapore-sg.html
9764540,SeaGazers @ Marina Waterfront,https://www.agoda.com/sweet-elegant-boat-home-marina-waterfront/hotel/singapore-sg.html
187129,The Fullerton Bay Hotel,https://www.agoda.com/the-fullerton-bay-hotel/hotel/singapore-sg.html
16066298,"ST Signature Tanjong Pagar, SHORT OVERNIGHT, 14 hours: 8PM-10AM",https://www.agoda.com/st-signature-lite-tanjong-pagar-dark/hotel/singapore-sg.html
28335609,International Service Apartments at Raeburn Park,https://www.agoda.com/international-service-apartments-outram-park/hotel/singapore-sg.html
6625436,Rucksack Inn @ Tyrwhitt,https://www.agoda.com/pine-hostel-by-just-inn/hotel/singapore-sg.html
35671451,Wink @ Upper Cross Street,https://www.agoda.com/wink-upper-cross-street/hotel/singapore-sg.html
41984142,ST Signature Bugis Middle,https://www.agoda.com/st-signature-bugis-middle/hotel/singapore-sg.html
